-- phpMyAdmin SQL Dump
-- version 5.2.1
-- https://www.phpmyadmin.net/
--
-- Host: 127.0.0.1
-- Generation Time: May 05, 2026 at 05:23 PM
-- Server version: 10.4.32-MariaDB
-- PHP Version: 8.1.25

SET SQL_MODE = "NO_AUTO_VALUE_ON_ZERO";
START TRANSACTION;
SET time_zone = "+00:00";


/*!40101 SET @OLD_CHARACTER_SET_CLIENT=@@CHARACTER_SET_CLIENT */;
/*!40101 SET @OLD_CHARACTER_SET_RESULTS=@@CHARACTER_SET_RESULTS */;
/*!40101 SET @OLD_COLLATION_CONNECTION=@@COLLATION_CONNECTION */;
/*!40101 SET NAMES utf8mb4 */;

--
-- Database: `dl_final`
--

-- --------------------------------------------------------

--
-- Table structure for table `attendance_corrections`
--

CREATE TABLE `attendance_corrections` (
  `id` int(11) NOT NULL,
  `maND` int(11) NOT NULL,
  `attendance_date` date NOT NULL,
  `old_time` datetime DEFAULT NULL,
  `new_time` datetime NOT NULL,
  `reason` text NOT NULL,
  `status` enum('pending','approved','rejected') NOT NULL DEFAULT 'pending',
  `hr_note` varchar(255) DEFAULT NULL,
  `created_at` datetime NOT NULL DEFAULT current_timestamp(),
  `updated_at` datetime DEFAULT NULL ON UPDATE current_timestamp(),
  `evidence_image` varchar(255) DEFAULT NULL,
  `proposed_checkin` datetime DEFAULT NULL,
  `proposed_checkout` datetime DEFAULT NULL,
  `evidence_file` varchar(255) DEFAULT NULL
) ENGINE=InnoDB DEFAULT CHARSET=utf8mb4 COLLATE=utf8mb4_unicode_ci;

--
-- Dumping data for table `attendance_corrections`
--

INSERT INTO `attendance_corrections` (`id`, `maND`, `attendance_date`, `old_time`, `new_time`, `reason`, `status`, `hr_note`, `created_at`, `updated_at`, `evidence_image`, `proposed_checkin`, `proposed_checkout`, `evidence_file`) VALUES
(1, 4, '2026-03-20', NULL, '2026-03-21 20:27:00', 'quên', 'rejected', '', '2026-03-21 20:27:17', '2026-03-27 16:32:19', NULL, NULL, NULL, NULL),
(2, 1, '2026-03-20', '2026-03-21 22:06:00', '2026-03-21 23:06:00', 'out', 'rejected', '', '2026-03-21 22:07:23', '2026-03-22 18:22:57', NULL, NULL, NULL, NULL),
(3, 1, '2026-03-15', '2026-03-15 08:45:00', '2026-03-15 08:00:00', 'Qu├¬n chß║Ñm c├┤ng - ─æ├ú c├│ mß║Àt ─æ├║ng giß╗Ø', 'rejected', 'kh', '2026-04-01 11:59:11', '2026-04-01 22:32:09', NULL, NULL, NULL, NULL),
(4, 2, '2026-03-20', NULL, '2026-03-20 17:30:00', 'Xin OT - ho├án th├ánh dß╗▒ ├ín gß║Ñp', 'approved', 'ok', '2026-04-01 11:59:11', '2026-04-01 22:32:29', NULL, NULL, NULL, NULL),
(5, 3, '2026-03-18', '2026-03-18 08:30:00', '2026-03-18 08:00:00', '─Éi trß╗à - kß║╣t xe tr├¬n ─æã░ß╗Øng', 'rejected', 'tu', '2026-04-01 11:59:11', '2026-04-01 22:32:18', NULL, NULL, NULL, NULL),
(6, 1, '2026-03-15', '2026-03-15 08:45:00', '2026-03-15 08:00:00', 'Quên chấm công - đã có mặt đúng giờ', 'pending', NULL, '2026-04-01 22:24:46', NULL, NULL, NULL, NULL, NULL),
(7, 2, '2026-03-20', NULL, '2026-03-20 17:30:00', 'Xin OT - hoàn thành dự án gấp', 'approved', 'ok', '2026-04-01 22:24:46', '2026-04-01 22:33:03', NULL, NULL, NULL, NULL),
(8, 3, '2026-03-18', '2026-03-18 08:30:00', '2026-03-18 08:00:00', 'Đi trễ - kẹt xe trên đường', 'pending', NULL, '2026-04-01 22:24:46', NULL, NULL, NULL, NULL, NULL),
(9, 1, '2026-05-04', '2026-05-04 18:51:00', '2026-05-04 17:51:00', 'chấm công trễ', 'approved', '', '2026-05-04 18:52:07', '2026-05-04 19:15:22', NULL, NULL, NULL, NULL),
(10, 1, '2026-05-04', '2026-05-04 19:14:00', '2026-05-04 18:14:00', 'đi trễ', 'pending', NULL, '2026-05-04 19:14:47', NULL, 'uploads/img/evidence_1_1777896887.png', NULL, NULL, NULL),
(11, 1, '2026-05-04', '2026-05-04 10:26:44', '2026-05-04 06:58:00', 'việc đột xuất', 'rejected', '', '2026-05-05 11:58:46', '2026-05-05 12:00:18', NULL, '2026-05-04 06:58:00', '2026-05-04 17:58:00', NULL);

-- --------------------------------------------------------

--
-- Table structure for table `attendance_daily_summary`
--

CREATE TABLE `attendance_daily_summary` (
  `id` int(11) NOT NULL,
  `maND` int(11) NOT NULL,
  `work_date` date NOT NULL,
  `first_in` datetime DEFAULT NULL,
  `last_out` datetime DEFAULT NULL,
  `work_minutes` int(11) NOT NULL DEFAULT 0,
  `overtime_minutes` int(11) NOT NULL DEFAULT 0,
  `late_minutes` int(11) NOT NULL DEFAULT 0,
  `status` enum('normal','late','absent','leave') NOT NULL DEFAULT 'normal',
  `created_at` datetime NOT NULL DEFAULT current_timestamp(),
  `updated_at` datetime DEFAULT NULL ON UPDATE current_timestamp()
) ENGINE=InnoDB DEFAULT CHARSET=utf8mb4 COLLATE=utf8mb4_unicode_ci;

--
-- Dumping data for table `attendance_daily_summary`
--

INSERT INTO `attendance_daily_summary` (`id`, `maND`, `work_date`, `first_in`, `last_out`, `work_minutes`, `overtime_minutes`, `late_minutes`, `status`, `created_at`, `updated_at`) VALUES
(1, 1, '2026-01-01', NULL, NULL, 0, 0, 0, 'absent', '2026-05-05 20:06:06', NULL),
(5, 5, '2026-01-01', '2026-01-01 08:09:00', '2026-01-01 18:00:00', 591, 60, 9, 'late', '2026-05-05 20:06:06', NULL),
(6, 6, '2026-01-01', NULL, NULL, 0, 0, 0, 'absent', '2026-05-05 20:06:06', NULL),
(7, 7, '2026-01-01', '2026-01-01 07:54:00', '2026-01-01 17:08:00', 554, 8, 0, 'normal', '2026-05-05 20:06:06', NULL),
(8, 8, '2026-01-01', '2026-01-01 08:00:00', '2026-01-01 17:05:00', 545, 5, 0, 'normal', '2026-05-05 20:06:06', NULL),
(12, 1, '2026-01-02', NULL, NULL, 0, 0, 0, 'absent', '2026-05-05 20:06:06', NULL),
(16, 5, '2026-01-02', '2026-01-02 07:47:00', '2026-01-02 17:03:00', 556, 3, 0, 'normal', '2026-05-05 20:06:06', NULL),
(17, 6, '2026-01-02', '2026-01-02 07:48:00', '2026-01-02 17:09:00', 561, 9, 0, 'normal', '2026-05-05 20:06:06', NULL),
(18, 7, '2026-01-02', NULL, NULL, 0, 0, 0, 'absent', '2026-05-05 20:06:06', NULL),
(19, 8, '2026-01-02', '2026-01-02 07:53:00', '2026-01-02 17:07:00', 554, 7, 0, 'normal', '2026-05-05 20:06:06', NULL),
(23, 1, '2026-01-03', '2026-01-03 08:26:00', '2026-01-03 17:00:00', 514, 0, 26, 'late', '2026-05-05 20:06:06', NULL),
(27, 5, '2026-01-03', '2026-01-03 07:56:00', '2026-01-03 17:03:00', 547, 3, 0, 'normal', '2026-05-05 20:06:06', NULL),
(28, 6, '2026-01-03', '2026-01-03 07:56:00', '2026-01-03 17:02:00', 546, 2, 0, 'normal', '2026-05-05 20:06:06', NULL),
(29, 7, '2026-01-03', '2026-01-03 07:51:00', '2026-01-03 17:08:00', 557, 8, 0, 'normal', '2026-05-05 20:06:06', NULL),
(30, 8, '2026-01-03', '2026-01-03 08:44:00', '2026-01-03 17:06:00', 502, 6, 44, 'late', '2026-05-05 20:06:06', NULL),
(34, 1, '2026-01-05', '2026-01-05 07:58:00', '2026-01-05 18:06:00', 608, 66, 0, 'normal', '2026-05-05 20:06:06', NULL),
(38, 5, '2026-01-05', '2026-01-05 07:49:00', '2026-01-05 18:57:00', 668, 117, 0, 'normal', '2026-05-05 20:06:06', NULL),
(39, 6, '2026-01-05', '2026-01-05 07:47:00', '2026-01-05 17:01:00', 554, 1, 0, 'normal', '2026-05-05 20:06:06', NULL),
(40, 7, '2026-01-05', NULL, NULL, 0, 0, 0, 'absent', '2026-05-05 20:06:06', NULL),
(41, 8, '2026-01-05', '2026-01-05 08:38:00', '2026-01-05 17:00:00', 502, 0, 38, 'late', '2026-05-05 20:06:06', NULL),
(45, 1, '2026-01-06', '2026-01-06 07:48:00', '2026-01-06 17:01:00', 553, 1, 0, 'normal', '2026-05-05 20:06:06', NULL),
(49, 5, '2026-01-06', '2026-01-06 08:52:00', '2026-01-06 17:00:00', 488, 0, 52, 'late', '2026-05-05 20:06:06', NULL),
(50, 6, '2026-01-06', '2026-01-06 07:45:00', '2026-01-06 17:08:00', 563, 8, 0, 'normal', '2026-05-05 20:06:06', NULL),
(51, 7, '2026-01-06', '2026-01-06 07:52:00', '2026-01-06 17:09:00', 557, 9, 0, 'normal', '2026-05-05 20:06:06', NULL),
(52, 8, '2026-01-06', '2026-01-06 08:52:00', '2026-01-06 17:38:00', 526, 38, 52, 'late', '2026-05-05 20:06:06', NULL),
(56, 1, '2026-01-07', '2026-01-07 07:58:00', '2026-01-07 17:00:00', 542, 0, 0, 'normal', '2026-05-05 20:06:06', NULL),
(60, 5, '2026-01-07', NULL, NULL, 0, 0, 0, 'absent', '2026-05-05 20:06:06', NULL),
(61, 6, '2026-01-07', '2026-01-07 07:56:00', '2026-01-07 17:01:00', 545, 1, 0, 'normal', '2026-05-05 20:06:06', NULL),
(62, 7, '2026-01-07', '2026-01-07 07:57:00', '2026-01-07 17:04:00', 547, 4, 0, 'normal', '2026-05-05 20:06:06', NULL),
(63, 8, '2026-01-07', '2026-01-07 08:29:00', '2026-01-07 17:02:00', 513, 2, 29, 'late', '2026-05-05 20:06:06', NULL),
(67, 1, '2026-01-08', '2026-01-08 08:21:00', '2026-01-08 17:06:00', 525, 6, 21, 'late', '2026-05-05 20:06:06', NULL),
(71, 5, '2026-01-08', '2026-01-08 07:50:00', '2026-01-08 17:07:00', 557, 7, 0, 'normal', '2026-05-05 20:06:06', NULL),
(72, 6, '2026-01-08', '2026-01-08 08:17:00', '2026-01-08 17:33:00', 556, 33, 17, 'late', '2026-05-05 20:06:06', NULL),
(73, 7, '2026-01-08', '2026-01-08 09:00:00', '2026-01-08 17:58:00', 538, 58, 60, 'late', '2026-05-05 20:06:06', NULL),
(74, 8, '2026-01-08', '2026-01-08 07:59:00', '2026-01-08 17:07:00', 548, 7, 0, 'normal', '2026-05-05 20:06:06', NULL),
(78, 1, '2026-01-09', '2026-01-09 08:45:00', '2026-01-09 17:08:00', 503, 8, 45, 'late', '2026-05-05 20:06:06', NULL),
(82, 5, '2026-01-09', '2026-01-09 07:50:00', '2026-01-09 17:04:00', 554, 4, 0, 'normal', '2026-05-05 20:06:06', NULL),
(83, 6, '2026-01-09', '2026-01-09 07:51:00', '2026-01-09 18:31:00', 640, 91, 0, 'normal', '2026-05-05 20:06:06', NULL),
(84, 7, '2026-01-09', '2026-01-09 08:38:00', '2026-01-09 17:53:00', 555, 53, 38, 'late', '2026-05-05 20:06:06', NULL),
(85, 8, '2026-01-09', '2026-01-09 07:51:00', '2026-01-09 17:10:00', 559, 10, 0, 'normal', '2026-05-05 20:06:06', NULL),
(89, 1, '2026-01-10', '2026-01-10 07:53:00', '2026-01-10 17:06:00', 553, 6, 0, 'normal', '2026-05-05 20:06:06', NULL),
(93, 5, '2026-01-10', '2026-01-10 08:47:00', '2026-01-10 17:10:00', 503, 10, 47, 'late', '2026-05-05 20:06:06', NULL),
(94, 6, '2026-01-10', '2026-01-10 08:38:00', '2026-01-10 17:10:00', 512, 10, 38, 'late', '2026-05-05 20:06:06', NULL),
(95, 7, '2026-01-10', '2026-01-10 08:00:00', '2026-01-10 17:08:00', 548, 8, 0, 'normal', '2026-05-05 20:06:06', NULL),
(96, 8, '2026-01-10', '2026-01-10 08:03:00', '2026-01-10 17:02:00', 539, 2, 3, 'late', '2026-05-05 20:06:06', NULL),
(100, 1, '2026-01-12', '2026-01-12 07:56:00', '2026-01-12 17:37:00', 581, 37, 0, 'normal', '2026-05-05 20:06:06', NULL),
(104, 5, '2026-01-12', '2026-01-12 07:56:00', '2026-01-12 17:02:00', 546, 2, 0, 'normal', '2026-05-05 20:06:06', NULL),
(105, 6, '2026-01-12', '2026-01-12 08:36:00', '2026-01-12 17:10:00', 514, 10, 36, 'late', '2026-05-05 20:06:06', NULL),
(106, 7, '2026-01-12', '2026-01-12 07:55:00', '2026-01-12 18:21:00', 626, 81, 0, 'normal', '2026-05-05 20:06:06', NULL),
(107, 8, '2026-01-12', '2026-01-12 07:59:00', '2026-01-12 17:06:00', 547, 6, 0, 'normal', '2026-05-05 20:06:06', NULL),
(111, 1, '2026-01-13', '2026-01-13 08:07:00', '2026-01-13 17:04:00', 537, 4, 7, 'late', '2026-05-05 20:06:06', NULL),
(115, 5, '2026-01-13', '2026-01-13 07:48:00', '2026-01-13 17:07:00', 559, 7, 0, 'normal', '2026-05-05 20:06:06', NULL),
(116, 6, '2026-01-13', '2026-01-13 07:48:00', '2026-01-13 17:00:00', 552, 0, 0, 'normal', '2026-05-05 20:06:06', NULL),
(117, 7, '2026-01-13', '2026-01-13 07:51:00', '2026-01-13 18:32:00', 641, 92, 0, 'normal', '2026-05-05 20:06:06', NULL),
(118, 8, '2026-01-13', '2026-01-13 08:49:00', '2026-01-13 17:07:00', 498, 7, 49, 'late', '2026-05-05 20:06:06', NULL),
(122, 1, '2026-01-14', '2026-01-14 08:09:00', '2026-01-14 17:03:00', 534, 3, 9, 'late', '2026-05-05 20:06:06', NULL),
(126, 5, '2026-01-14', '2026-01-14 08:17:00', '2026-01-14 17:05:00', 528, 5, 17, 'late', '2026-05-05 20:06:06', NULL),
(127, 6, '2026-01-14', '2026-01-14 07:56:00', '2026-01-14 18:19:00', 623, 79, 0, 'normal', '2026-05-05 20:06:06', NULL),
(128, 7, '2026-01-14', '2026-01-14 07:53:00', '2026-01-14 17:09:00', 556, 9, 0, 'normal', '2026-05-05 20:06:06', NULL),
(129, 8, '2026-01-14', '2026-01-14 08:00:00', '2026-01-14 18:31:00', 631, 91, 0, 'normal', '2026-05-05 20:06:06', NULL),
(133, 1, '2026-01-15', '2026-01-15 08:08:00', '2026-01-15 17:02:00', 534, 2, 8, 'late', '2026-05-05 20:06:06', NULL),
(137, 5, '2026-01-15', '2026-01-15 07:54:00', '2026-01-15 17:01:00', 547, 1, 0, 'normal', '2026-05-05 20:06:06', NULL),
(138, 6, '2026-01-15', '2026-01-15 07:51:00', '2026-01-15 18:17:00', 626, 77, 0, 'normal', '2026-05-05 20:06:07', NULL),
(139, 7, '2026-01-15', '2026-01-15 07:53:00', '2026-01-15 17:03:00', 550, 3, 0, 'normal', '2026-05-05 20:06:07', NULL),
(140, 8, '2026-01-15', '2026-01-15 07:46:00', '2026-01-15 17:06:00', 560, 6, 0, 'normal', '2026-05-05 20:06:07', NULL),
(144, 1, '2026-01-16', '2026-01-16 07:52:00', '2026-01-16 17:35:00', 583, 35, 0, 'normal', '2026-05-05 20:06:07', NULL),
(148, 5, '2026-01-16', '2026-01-16 07:46:00', '2026-01-16 17:08:00', 562, 8, 0, 'normal', '2026-05-05 20:06:07', NULL),
(149, 6, '2026-01-16', '2026-01-16 07:57:00', '2026-01-16 17:09:00', 552, 9, 0, 'normal', '2026-05-05 20:06:07', NULL),
(150, 7, '2026-01-16', '2026-01-16 07:49:00', '2026-01-16 17:03:00', 554, 3, 0, 'normal', '2026-05-05 20:06:07', NULL),
(151, 8, '2026-01-16', '2026-01-16 08:51:00', '2026-01-16 17:08:00', 497, 8, 51, 'late', '2026-05-05 20:06:07', NULL),
(155, 1, '2026-01-17', '2026-01-17 07:58:00', '2026-01-17 17:00:00', 542, 0, 0, 'normal', '2026-05-05 20:06:07', NULL),
(159, 5, '2026-01-17', '2026-01-17 07:49:00', '2026-01-17 17:00:00', 551, 0, 0, 'normal', '2026-05-05 20:06:07', NULL),
(160, 6, '2026-01-17', '2026-01-17 08:18:00', '2026-01-17 17:04:00', 526, 4, 18, 'late', '2026-05-05 20:06:07', NULL),
(161, 7, '2026-01-17', '2026-01-17 08:00:00', '2026-01-17 17:01:00', 541, 1, 0, 'normal', '2026-05-05 20:06:07', NULL),
(162, 8, '2026-01-17', '2026-01-17 08:36:00', '2026-01-17 17:07:00', 511, 7, 36, 'late', '2026-05-05 20:06:07', NULL),
(166, 1, '2026-01-19', '2026-01-19 08:13:00', '2026-01-19 17:03:00', 530, 3, 13, 'late', '2026-05-05 20:06:07', NULL),
(170, 5, '2026-01-19', '2026-01-19 07:55:00', '2026-01-19 18:29:00', 634, 89, 0, 'normal', '2026-05-05 20:06:07', NULL),
(171, 6, '2026-01-19', '2026-01-19 07:49:00', '2026-01-19 17:01:00', 552, 1, 0, 'normal', '2026-05-05 20:06:07', NULL),
(172, 7, '2026-01-19', '2026-01-19 07:45:00', '2026-01-19 17:05:00', 560, 5, 0, 'normal', '2026-05-05 20:06:07', NULL),
(173, 8, '2026-01-19', '2026-01-19 07:56:00', '2026-01-19 17:07:00', 551, 7, 0, 'normal', '2026-05-05 20:06:07', NULL),
(177, 1, '2026-01-20', '2026-01-20 07:51:00', '2026-01-20 17:00:00', 549, 0, 0, 'normal', '2026-05-05 20:06:07', NULL),
(181, 5, '2026-01-20', '2026-01-20 08:41:00', '2026-01-20 17:00:00', 499, 0, 41, 'late', '2026-05-05 20:06:07', NULL),
(182, 6, '2026-01-20', '2026-01-20 07:45:00', '2026-01-20 18:12:00', 627, 72, 0, 'normal', '2026-05-05 20:06:07', NULL),
(183, 7, '2026-01-20', '2026-01-20 07:48:00', '2026-01-20 17:58:00', 610, 58, 0, 'normal', '2026-05-05 20:06:07', NULL),
(184, 8, '2026-01-20', NULL, NULL, 0, 0, 0, 'absent', '2026-05-05 20:06:07', NULL),
(188, 1, '2026-01-21', '2026-01-21 07:46:00', '2026-01-21 17:02:00', 556, 2, 0, 'normal', '2026-05-05 20:06:07', NULL),
(192, 5, '2026-01-21', NULL, NULL, 0, 0, 0, 'absent', '2026-05-05 20:06:07', NULL),
(193, 6, '2026-01-21', '2026-01-21 07:47:00', '2026-01-21 18:22:00', 635, 82, 0, 'normal', '2026-05-05 20:06:07', NULL),
(194, 7, '2026-01-21', '2026-01-21 08:00:00', '2026-01-21 17:05:00', 545, 5, 0, 'normal', '2026-05-05 20:06:07', NULL),
(195, 8, '2026-01-21', '2026-01-21 08:52:00', '2026-01-21 17:10:00', 498, 10, 52, 'late', '2026-05-05 20:06:07', NULL),
(199, 1, '2026-01-22', NULL, NULL, 0, 0, 0, 'absent', '2026-05-05 20:06:07', NULL),
(203, 5, '2026-01-22', '2026-01-22 07:51:00', '2026-01-22 17:01:00', 550, 1, 0, 'normal', '2026-05-05 20:06:07', NULL),
(204, 6, '2026-01-22', '2026-01-22 08:52:00', '2026-01-22 17:00:00', 488, 0, 52, 'late', '2026-05-05 20:06:07', NULL),
(205, 7, '2026-01-22', '2026-01-22 07:46:00', '2026-01-22 17:00:00', 554, 0, 0, 'normal', '2026-05-05 20:06:07', NULL),
(206, 8, '2026-01-22', '2026-01-22 07:49:00', '2026-01-22 17:07:00', 558, 7, 0, 'normal', '2026-05-05 20:06:07', NULL),
(210, 1, '2026-01-23', '2026-01-23 08:03:00', '2026-01-23 17:10:00', 547, 10, 3, 'late', '2026-05-05 20:06:07', NULL),
(214, 5, '2026-01-23', '2026-01-23 08:55:00', '2026-01-23 17:00:00', 485, 0, 55, 'late', '2026-05-05 20:06:07', NULL),
(215, 6, '2026-01-23', '2026-01-23 07:57:00', '2026-01-23 17:05:00', 548, 5, 0, 'normal', '2026-05-05 20:06:07', NULL),
(216, 7, '2026-01-23', '2026-01-23 07:47:00', '2026-01-23 17:09:00', 562, 9, 0, 'normal', '2026-05-05 20:06:07', NULL),
(217, 8, '2026-01-23', '2026-01-23 08:37:00', '2026-01-23 17:07:00', 510, 7, 37, 'late', '2026-05-05 20:06:07', NULL),
(221, 1, '2026-01-24', '2026-01-24 08:16:00', '2026-01-24 17:06:00', 530, 6, 16, 'late', '2026-05-05 20:06:07', NULL),
(225, 5, '2026-01-24', '2026-01-24 07:50:00', '2026-01-24 17:02:00', 552, 2, 0, 'normal', '2026-05-05 20:06:07', NULL),
(226, 6, '2026-01-24', '2026-01-24 07:53:00', '2026-01-24 17:48:00', 595, 48, 0, 'normal', '2026-05-05 20:06:07', NULL),
(227, 7, '2026-01-24', '2026-01-24 07:55:00', '2026-01-24 17:07:00', 552, 7, 0, 'normal', '2026-05-05 20:06:07', NULL),
(228, 8, '2026-01-24', '2026-01-24 08:43:00', '2026-01-24 17:00:00', 497, 0, 43, 'late', '2026-05-05 20:06:07', NULL),
(232, 1, '2026-01-26', '2026-01-26 07:50:00', '2026-01-26 17:02:00', 552, 2, 0, 'normal', '2026-05-05 20:06:07', NULL),
(236, 5, '2026-01-26', '2026-01-26 07:50:00', '2026-01-26 17:07:00', 557, 7, 0, 'normal', '2026-05-05 20:06:07', NULL),
(237, 6, '2026-01-26', '2026-01-26 07:50:00', '2026-01-26 17:07:00', 557, 7, 0, 'normal', '2026-05-05 20:06:07', NULL),
(238, 7, '2026-01-26', '2026-01-26 07:59:00', '2026-01-26 17:06:00', 547, 6, 0, 'normal', '2026-05-05 20:06:07', NULL),
(239, 8, '2026-01-26', '2026-01-26 07:48:00', '2026-01-26 17:05:00', 557, 5, 0, 'normal', '2026-05-05 20:06:07', NULL),
(243, 1, '2026-01-27', '2026-01-27 08:39:00', '2026-01-27 17:00:00', 501, 0, 39, 'late', '2026-05-05 20:06:07', NULL),
(247, 5, '2026-01-27', '2026-01-27 07:59:00', '2026-01-27 18:12:00', 613, 72, 0, 'normal', '2026-05-05 20:06:07', NULL),
(248, 6, '2026-01-27', '2026-01-27 07:46:00', '2026-01-27 17:00:00', 554, 0, 0, 'normal', '2026-05-05 20:06:07', NULL),
(249, 7, '2026-01-27', '2026-01-27 08:00:00', '2026-01-27 17:41:00', 581, 41, 0, 'normal', '2026-05-05 20:06:07', NULL),
(250, 8, '2026-01-27', NULL, NULL, 0, 0, 0, 'absent', '2026-05-05 20:06:07', NULL),
(254, 1, '2026-01-28', '2026-01-28 08:00:00', '2026-01-28 18:32:00', 632, 92, 0, 'normal', '2026-05-05 20:06:07', NULL),
(258, 5, '2026-01-28', '2026-01-28 07:56:00', '2026-01-28 17:07:00', 551, 7, 0, 'normal', '2026-05-05 20:06:07', NULL),
(259, 6, '2026-01-28', '2026-01-28 08:55:00', '2026-01-28 18:35:00', 580, 95, 55, 'late', '2026-05-05 20:06:07', NULL),
(260, 7, '2026-01-28', '2026-01-28 08:11:00', '2026-01-28 17:04:00', 533, 4, 11, 'late', '2026-05-05 20:06:07', NULL),
(261, 8, '2026-01-28', '2026-01-28 07:53:00', '2026-01-28 17:07:00', 554, 7, 0, 'normal', '2026-05-05 20:06:07', NULL),
(265, 1, '2026-01-29', '2026-01-29 07:57:00', '2026-01-29 18:53:00', 656, 113, 0, 'normal', '2026-05-05 20:06:07', NULL),
(269, 5, '2026-01-29', '2026-01-29 08:16:00', '2026-01-29 17:01:00', 525, 1, 16, 'late', '2026-05-05 20:06:07', NULL),
(270, 6, '2026-01-29', '2026-01-29 07:46:00', '2026-01-29 18:30:00', 644, 90, 0, 'normal', '2026-05-05 20:06:07', NULL),
(271, 7, '2026-01-29', '2026-01-29 08:28:00', '2026-01-29 17:05:00', 517, 5, 28, 'late', '2026-05-05 20:06:07', NULL),
(272, 8, '2026-01-29', '2026-01-29 07:59:00', '2026-01-29 17:08:00', 549, 8, 0, 'normal', '2026-05-05 20:06:07', NULL),
(276, 1, '2026-01-30', '2026-01-30 07:49:00', '2026-01-30 17:04:00', 555, 4, 0, 'normal', '2026-05-05 20:06:07', NULL),
(280, 5, '2026-01-30', NULL, NULL, 0, 0, 0, 'absent', '2026-05-05 20:06:07', NULL),
(281, 6, '2026-01-30', '2026-01-30 07:46:00', '2026-01-30 17:10:00', 564, 10, 0, 'normal', '2026-05-05 20:06:07', NULL),
(282, 7, '2026-01-30', '2026-01-30 07:49:00', '2026-01-30 17:02:00', 553, 2, 0, 'normal', '2026-05-05 20:06:07', NULL),
(283, 8, '2026-01-30', '2026-01-30 07:55:00', '2026-01-30 17:01:00', 546, 1, 0, 'normal', '2026-05-05 20:06:07', NULL),
(287, 1, '2026-01-31', '2026-01-31 08:10:00', '2026-01-31 17:07:00', 537, 7, 10, 'late', '2026-05-05 20:06:07', NULL),
(291, 5, '2026-01-31', '2026-01-31 07:48:00', '2026-01-31 17:07:00', 559, 7, 0, 'normal', '2026-05-05 20:06:07', NULL),
(292, 6, '2026-01-31', '2026-01-31 07:49:00', '2026-01-31 17:10:00', 561, 10, 0, 'normal', '2026-05-05 20:06:07', NULL),
(293, 7, '2026-01-31', '2026-01-31 08:41:00', '2026-01-31 17:10:00', 509, 10, 41, 'late', '2026-05-05 20:06:07', NULL),
(294, 8, '2026-01-31', '2026-01-31 07:47:00', '2026-01-31 18:37:00', 650, 97, 0, 'normal', '2026-05-05 20:06:07', NULL),
(298, 1, '2026-02-02', '2026-02-02 07:45:00', '2026-02-02 17:00:00', 555, 0, 0, 'normal', '2026-05-05 20:06:07', NULL),
(302, 5, '2026-02-02', '2026-02-02 07:50:00', '2026-02-02 17:10:00', 560, 10, 0, 'normal', '2026-05-05 20:06:07', NULL),
(303, 6, '2026-02-02', '2026-02-02 07:56:00', '2026-02-02 17:05:00', 549, 5, 0, 'normal', '2026-05-05 20:06:07', NULL),
(304, 7, '2026-02-02', '2026-02-02 08:56:00', '2026-02-02 17:10:00', 494, 10, 56, 'late', '2026-05-05 20:06:07', NULL),
(305, 8, '2026-02-02', '2026-02-02 07:59:00', '2026-02-02 17:05:00', 546, 5, 0, 'normal', '2026-05-05 20:06:07', NULL),
(309, 1, '2026-02-03', NULL, NULL, 0, 0, 0, 'absent', '2026-05-05 20:06:07', NULL),
(313, 5, '2026-02-03', '2026-02-03 08:44:00', '2026-02-03 17:08:00', 504, 8, 44, 'late', '2026-05-05 20:06:07', NULL),
(314, 6, '2026-02-03', '2026-02-03 07:57:00', '2026-02-03 17:05:00', 548, 5, 0, 'normal', '2026-05-05 20:06:07', NULL),
(315, 7, '2026-02-03', '2026-02-03 08:03:00', '2026-02-03 17:09:00', 546, 9, 3, 'late', '2026-05-05 20:06:07', NULL),
(316, 8, '2026-02-03', '2026-02-03 07:55:00', '2026-02-03 17:04:00', 549, 4, 0, 'normal', '2026-05-05 20:06:07', NULL),
(320, 1, '2026-02-04', '2026-02-04 07:56:00', '2026-02-04 17:10:00', 554, 10, 0, 'normal', '2026-05-05 20:06:07', NULL),
(324, 5, '2026-02-04', '2026-02-04 07:47:00', '2026-02-04 17:04:00', 557, 4, 0, 'normal', '2026-05-05 20:06:08', NULL),
(325, 6, '2026-02-04', '2026-02-04 07:52:00', '2026-02-04 17:01:00', 549, 1, 0, 'normal', '2026-05-05 20:06:08', NULL),
(326, 7, '2026-02-04', '2026-02-04 08:45:00', '2026-02-04 17:01:00', 496, 1, 45, 'late', '2026-05-05 20:06:08', NULL),
(327, 8, '2026-02-04', '2026-02-04 07:56:00', '2026-02-04 17:01:00', 545, 1, 0, 'normal', '2026-05-05 20:06:08', NULL),
(331, 1, '2026-02-05', '2026-02-05 07:52:00', '2026-02-05 17:06:00', 554, 6, 0, 'normal', '2026-05-05 20:06:08', NULL),
(335, 5, '2026-02-05', '2026-02-05 07:56:00', '2026-02-05 18:17:00', 621, 77, 0, 'normal', '2026-05-05 20:06:08', NULL),
(336, 6, '2026-02-05', '2026-02-05 08:51:00', '2026-02-05 17:03:00', 492, 3, 51, 'late', '2026-05-05 20:06:08', NULL),
(337, 7, '2026-02-05', '2026-02-05 07:45:00', '2026-02-05 17:06:00', 561, 6, 0, 'normal', '2026-05-05 20:06:08', NULL),
(338, 8, '2026-02-05', '2026-02-05 08:08:00', '2026-02-05 17:01:00', 533, 1, 8, 'late', '2026-05-05 20:06:08', NULL),
(342, 1, '2026-02-06', '2026-02-06 07:58:00', '2026-02-06 17:09:00', 551, 9, 0, 'normal', '2026-05-05 20:06:08', NULL),
(346, 5, '2026-02-06', '2026-02-06 07:45:00', '2026-02-06 17:04:00', 559, 4, 0, 'normal', '2026-05-05 20:06:08', NULL),
(347, 6, '2026-02-06', '2026-02-06 07:58:00', '2026-02-06 17:04:00', 546, 4, 0, 'normal', '2026-05-05 20:06:08', NULL),
(348, 7, '2026-02-06', '2026-02-06 07:52:00', '2026-02-06 17:05:00', 553, 5, 0, 'normal', '2026-05-05 20:06:08', NULL),
(349, 8, '2026-02-06', '2026-02-06 08:00:00', '2026-02-06 17:50:00', 590, 50, 0, 'normal', '2026-05-05 20:06:08', NULL),
(353, 1, '2026-02-07', '2026-02-07 07:45:00', '2026-02-07 17:02:00', 557, 2, 0, 'normal', '2026-05-05 20:06:08', NULL),
(357, 5, '2026-02-07', '2026-02-07 08:17:00', '2026-02-07 18:26:00', 609, 86, 17, 'late', '2026-05-05 20:06:08', NULL),
(358, 6, '2026-02-07', '2026-02-07 07:56:00', '2026-02-07 17:39:00', 583, 39, 0, 'normal', '2026-05-05 20:06:08', NULL),
(359, 7, '2026-02-07', '2026-02-07 07:56:00', '2026-02-07 17:00:00', 544, 0, 0, 'normal', '2026-05-05 20:06:08', NULL),
(360, 8, '2026-02-07', '2026-02-07 07:45:00', '2026-02-07 18:10:00', 625, 70, 0, 'normal', '2026-05-05 20:06:08', NULL),
(364, 1, '2026-02-09', '2026-02-09 08:00:00', '2026-02-09 17:08:00', 548, 8, 0, 'normal', '2026-05-05 20:06:08', NULL),
(368, 5, '2026-02-09', '2026-02-09 07:59:00', '2026-02-09 17:08:00', 549, 8, 0, 'normal', '2026-05-05 20:06:08', NULL),
(369, 6, '2026-02-09', '2026-02-09 08:42:00', '2026-02-09 17:08:00', 506, 8, 42, 'late', '2026-05-05 20:06:08', NULL),
(370, 7, '2026-02-09', '2026-02-09 08:36:00', '2026-02-09 17:05:00', 509, 5, 36, 'late', '2026-05-05 20:06:08', NULL),
(371, 8, '2026-02-09', '2026-02-09 07:49:00', '2026-02-09 17:03:00', 554, 3, 0, 'normal', '2026-05-05 20:06:08', NULL),
(375, 1, '2026-02-10', '2026-02-10 08:10:00', '2026-02-10 18:59:00', 649, 119, 10, 'late', '2026-05-05 20:06:08', NULL),
(379, 5, '2026-02-10', '2026-02-10 07:56:00', '2026-02-10 18:00:00', 604, 60, 0, 'normal', '2026-05-05 20:06:08', NULL),
(380, 6, '2026-02-10', '2026-02-10 08:49:00', '2026-02-10 17:06:00', 497, 6, 49, 'late', '2026-05-05 20:06:08', NULL),
(381, 7, '2026-02-10', '2026-02-10 08:30:00', '2026-02-10 17:08:00', 518, 8, 30, 'late', '2026-05-05 20:06:08', NULL),
(382, 8, '2026-02-10', '2026-02-10 08:36:00', '2026-02-10 17:55:00', 559, 55, 36, 'late', '2026-05-05 20:06:08', NULL),
(386, 1, '2026-02-11', '2026-02-11 08:22:00', '2026-02-11 17:09:00', 527, 9, 22, 'late', '2026-05-05 20:06:08', NULL),
(390, 5, '2026-02-11', '2026-02-11 07:59:00', '2026-02-11 17:09:00', 550, 9, 0, 'normal', '2026-05-05 20:06:08', NULL),
(391, 6, '2026-02-11', '2026-02-11 07:49:00', '2026-02-11 19:00:00', 671, 120, 0, 'normal', '2026-05-05 20:06:08', NULL),
(392, 7, '2026-02-11', '2026-02-11 07:57:00', '2026-02-11 17:08:00', 551, 8, 0, 'normal', '2026-05-05 20:06:08', NULL),
(393, 8, '2026-02-11', '2026-02-11 07:50:00', '2026-02-11 18:20:00', 630, 80, 0, 'normal', '2026-05-05 20:06:08', NULL),
(397, 1, '2026-02-12', NULL, NULL, 0, 0, 0, 'absent', '2026-05-05 20:06:08', NULL),
(401, 5, '2026-02-12', '2026-02-12 07:56:00', '2026-02-12 17:03:00', 547, 3, 0, 'normal', '2026-05-05 20:06:08', NULL),
(402, 6, '2026-02-12', '2026-02-12 07:50:00', '2026-02-12 17:07:00', 557, 7, 0, 'normal', '2026-05-05 20:06:08', NULL),
(403, 7, '2026-02-12', '2026-02-12 07:50:00', '2026-02-12 17:10:00', 560, 10, 0, 'normal', '2026-05-05 20:06:08', NULL),
(404, 8, '2026-02-12', NULL, NULL, 0, 0, 0, 'absent', '2026-05-05 20:06:08', NULL),
(408, 1, '2026-02-13', '2026-02-13 07:56:00', '2026-02-13 17:08:00', 552, 8, 0, 'normal', '2026-05-05 20:06:08', NULL),
(412, 5, '2026-02-13', '2026-02-13 07:45:00', '2026-02-13 17:00:00', 555, 0, 0, 'normal', '2026-05-05 20:06:08', NULL),
(413, 6, '2026-02-13', '2026-02-13 07:57:00', '2026-02-13 17:04:00', 547, 4, 0, 'normal', '2026-05-05 20:06:08', NULL),
(414, 7, '2026-02-13', '2026-02-13 07:52:00', '2026-02-13 17:02:00', 550, 2, 0, 'normal', '2026-05-05 20:06:08', NULL),
(415, 8, '2026-02-13', '2026-02-13 07:47:00', '2026-02-13 17:44:00', 597, 44, 0, 'normal', '2026-05-05 20:06:08', NULL),
(419, 1, '2026-02-14', '2026-02-14 07:54:00', '2026-02-14 17:06:00', 552, 6, 0, 'normal', '2026-05-05 20:06:08', NULL),
(423, 5, '2026-02-14', NULL, NULL, 0, 0, 0, 'absent', '2026-05-05 20:06:08', NULL),
(424, 6, '2026-02-14', '2026-02-14 07:47:00', '2026-02-14 17:03:00', 556, 3, 0, 'normal', '2026-05-05 20:06:08', NULL),
(425, 7, '2026-02-14', '2026-02-14 07:57:00', '2026-02-14 17:05:00', 548, 5, 0, 'normal', '2026-05-05 20:06:08', NULL),
(426, 8, '2026-02-14', '2026-02-14 07:46:00', '2026-02-14 17:10:00', 564, 10, 0, 'normal', '2026-05-05 20:06:08', NULL),
(430, 1, '2026-02-16', '2026-02-16 07:58:00', '2026-02-16 17:03:00', 545, 3, 0, 'normal', '2026-05-05 20:06:08', NULL),
(434, 5, '2026-02-16', '2026-02-16 07:57:00', '2026-02-16 17:06:00', 549, 6, 0, 'normal', '2026-05-05 20:06:08', NULL),
(435, 6, '2026-02-16', '2026-02-16 08:10:00', '2026-02-16 17:58:00', 588, 58, 10, 'late', '2026-05-05 20:06:08', NULL);
INSERT INTO `attendance_daily_summary` (`id`, `maND`, `work_date`, `first_in`, `last_out`, `work_minutes`, `overtime_minutes`, `late_minutes`, `status`, `created_at`, `updated_at`) VALUES
(436, 7, '2026-02-16', '2026-02-16 07:58:00', '2026-02-16 17:08:00', 550, 8, 0, 'normal', '2026-05-05 20:06:08', NULL),
(437, 8, '2026-02-16', '2026-02-16 08:23:00', '2026-02-16 17:00:00', 517, 0, 23, 'late', '2026-05-05 20:06:08', NULL),
(441, 1, '2026-02-17', NULL, NULL, 0, 0, 0, 'absent', '2026-05-05 20:06:08', NULL),
(445, 5, '2026-02-17', '2026-02-17 07:56:00', '2026-02-17 17:10:00', 554, 10, 0, 'normal', '2026-05-05 20:06:08', NULL),
(446, 6, '2026-02-17', '2026-02-17 07:50:00', '2026-02-17 17:02:00', 552, 2, 0, 'normal', '2026-05-05 20:06:08', NULL),
(447, 7, '2026-02-17', NULL, NULL, 0, 0, 0, 'absent', '2026-05-05 20:06:08', NULL),
(448, 8, '2026-02-17', '2026-02-17 07:54:00', '2026-02-17 17:07:00', 553, 7, 0, 'normal', '2026-05-05 20:06:08', NULL),
(452, 1, '2026-02-18', '2026-02-18 07:45:00', '2026-02-18 17:06:00', 561, 6, 0, 'normal', '2026-05-05 20:06:08', NULL),
(456, 5, '2026-02-18', '2026-02-18 07:55:00', '2026-02-18 17:00:00', 545, 0, 0, 'normal', '2026-05-05 20:06:08', NULL),
(457, 6, '2026-02-18', '2026-02-18 08:40:00', '2026-02-18 17:04:00', 504, 4, 40, 'late', '2026-05-05 20:06:08', NULL),
(458, 7, '2026-02-18', '2026-02-18 07:52:00', '2026-02-18 17:07:00', 555, 7, 0, 'normal', '2026-05-05 20:06:08', NULL),
(459, 8, '2026-02-18', '2026-02-18 07:52:00', '2026-02-18 17:05:00', 553, 5, 0, 'normal', '2026-05-05 20:06:08', NULL),
(463, 1, '2026-02-19', NULL, NULL, 0, 0, 0, 'absent', '2026-05-05 20:06:08', NULL),
(467, 5, '2026-02-19', '2026-02-19 07:50:00', '2026-02-19 17:07:00', 557, 7, 0, 'normal', '2026-05-05 20:06:09', NULL),
(468, 6, '2026-02-19', NULL, NULL, 0, 0, 0, 'absent', '2026-05-05 20:06:09', NULL),
(469, 7, '2026-02-19', NULL, NULL, 0, 0, 0, 'absent', '2026-05-05 20:06:09', NULL),
(470, 8, '2026-02-19', '2026-02-19 07:57:00', '2026-02-19 17:08:00', 551, 8, 0, 'normal', '2026-05-05 20:06:09', NULL),
(474, 1, '2026-02-20', '2026-02-20 07:56:00', '2026-02-20 17:04:00', 548, 4, 0, 'normal', '2026-05-05 20:06:09', NULL),
(478, 5, '2026-02-20', '2026-02-20 07:47:00', '2026-02-20 17:05:00', 558, 5, 0, 'normal', '2026-05-05 20:06:09', NULL),
(479, 6, '2026-02-20', '2026-02-20 08:46:00', '2026-02-20 17:02:00', 496, 2, 46, 'late', '2026-05-05 20:06:09', NULL),
(480, 7, '2026-02-20', '2026-02-20 08:52:00', '2026-02-20 17:00:00', 488, 0, 52, 'late', '2026-05-05 20:06:09', NULL),
(481, 8, '2026-02-20', NULL, NULL, 0, 0, 0, 'absent', '2026-05-05 20:06:09', NULL),
(485, 1, '2026-02-21', '2026-02-21 07:49:00', '2026-02-21 18:22:00', 633, 82, 0, 'normal', '2026-05-05 20:06:09', NULL),
(489, 5, '2026-02-21', '2026-02-21 07:52:00', '2026-02-21 17:10:00', 558, 10, 0, 'normal', '2026-05-05 20:06:09', NULL),
(490, 6, '2026-02-21', '2026-02-21 08:21:00', '2026-02-21 17:01:00', 520, 1, 21, 'late', '2026-05-05 20:06:09', NULL),
(491, 7, '2026-02-21', '2026-02-21 07:45:00', '2026-02-21 17:05:00', 560, 5, 0, 'normal', '2026-05-05 20:06:09', NULL),
(492, 8, '2026-02-21', '2026-02-21 07:58:00', '2026-02-21 17:10:00', 552, 10, 0, 'normal', '2026-05-05 20:06:09', NULL),
(496, 1, '2026-02-23', '2026-02-23 07:58:00', '2026-02-23 17:00:00', 542, 0, 0, 'normal', '2026-05-05 20:06:09', NULL),
(500, 5, '2026-02-23', '2026-02-23 07:49:00', '2026-02-23 17:10:00', 561, 10, 0, 'normal', '2026-05-05 20:06:09', NULL),
(501, 6, '2026-02-23', '2026-02-23 07:51:00', '2026-02-23 17:07:00', 556, 7, 0, 'normal', '2026-05-05 20:06:09', NULL),
(502, 7, '2026-02-23', '2026-02-23 08:24:00', '2026-02-23 17:07:00', 523, 7, 24, 'late', '2026-05-05 20:06:09', NULL),
(503, 8, '2026-02-23', '2026-02-23 07:47:00', '2026-02-23 18:21:00', 634, 81, 0, 'normal', '2026-05-05 20:06:09', NULL),
(507, 1, '2026-02-24', '2026-02-24 07:54:00', '2026-02-24 17:04:00', 550, 4, 0, 'normal', '2026-05-05 20:06:09', NULL),
(511, 5, '2026-02-24', '2026-02-24 07:51:00', '2026-02-24 17:05:00', 554, 5, 0, 'normal', '2026-05-05 20:06:09', NULL),
(512, 6, '2026-02-24', '2026-02-24 07:58:00', '2026-02-24 17:34:00', 576, 34, 0, 'normal', '2026-05-05 20:06:09', NULL),
(513, 7, '2026-02-24', '2026-02-24 08:43:00', '2026-02-24 17:02:00', 499, 2, 43, 'late', '2026-05-05 20:06:09', NULL),
(514, 8, '2026-02-24', '2026-02-24 08:45:00', '2026-02-24 17:00:00', 495, 0, 45, 'late', '2026-05-05 20:06:09', NULL),
(518, 1, '2026-02-25', '2026-02-25 08:44:00', '2026-02-25 17:08:00', 504, 8, 44, 'late', '2026-05-05 20:06:09', NULL),
(522, 5, '2026-02-25', '2026-02-25 07:48:00', '2026-02-25 17:10:00', 562, 10, 0, 'normal', '2026-05-05 20:06:09', NULL),
(523, 6, '2026-02-25', '2026-02-25 07:50:00', '2026-02-25 17:03:00', 553, 3, 0, 'normal', '2026-05-05 20:06:09', NULL),
(524, 7, '2026-02-25', '2026-02-25 07:47:00', '2026-02-25 17:03:00', 556, 3, 0, 'normal', '2026-05-05 20:06:09', NULL),
(525, 8, '2026-02-25', NULL, NULL, 0, 0, 0, 'absent', '2026-05-05 20:06:09', NULL),
(529, 1, '2026-02-26', '2026-02-26 07:46:00', '2026-02-26 17:04:00', 558, 4, 0, 'normal', '2026-05-05 20:06:09', NULL),
(533, 5, '2026-02-26', NULL, NULL, 0, 0, 0, 'absent', '2026-05-05 20:06:09', NULL),
(534, 6, '2026-02-26', '2026-02-26 07:45:00', '2026-02-26 17:02:00', 557, 2, 0, 'normal', '2026-05-05 20:06:09', NULL),
(535, 7, '2026-02-26', NULL, NULL, 0, 0, 0, 'absent', '2026-05-05 20:06:09', NULL),
(536, 8, '2026-02-26', '2026-02-26 07:46:00', '2026-02-26 17:43:00', 597, 43, 0, 'normal', '2026-05-05 20:06:09', NULL),
(540, 1, '2026-02-27', '2026-02-27 07:57:00', '2026-02-27 17:07:00', 550, 7, 0, 'normal', '2026-05-05 20:06:09', NULL),
(544, 5, '2026-02-27', '2026-02-27 08:40:00', '2026-02-27 17:06:00', 506, 6, 40, 'late', '2026-05-05 20:06:09', NULL),
(545, 6, '2026-02-27', '2026-02-27 08:00:00', '2026-02-27 18:01:00', 601, 61, 0, 'normal', '2026-05-05 20:06:09', NULL),
(546, 7, '2026-02-27', '2026-02-27 08:43:00', '2026-02-27 17:01:00', 498, 1, 43, 'late', '2026-05-05 20:06:09', NULL),
(547, 8, '2026-02-27', '2026-02-27 07:45:00', '2026-02-27 17:06:00', 561, 6, 0, 'normal', '2026-05-05 20:06:09', NULL),
(551, 1, '2026-02-28', '2026-02-28 08:48:00', '2026-02-28 17:07:00', 499, 7, 48, 'late', '2026-05-05 20:06:09', NULL),
(555, 5, '2026-02-28', '2026-02-28 07:47:00', '2026-02-28 17:07:00', 560, 7, 0, 'normal', '2026-05-05 20:06:09', NULL),
(556, 6, '2026-02-28', '2026-02-28 07:59:00', '2026-02-28 18:19:00', 620, 79, 0, 'normal', '2026-05-05 20:06:09', NULL),
(557, 7, '2026-02-28', '2026-02-28 07:51:00', '2026-02-28 18:10:00', 619, 70, 0, 'normal', '2026-05-05 20:06:09', NULL),
(558, 8, '2026-02-28', '2026-02-28 07:54:00', '2026-02-28 17:00:00', 546, 0, 0, 'normal', '2026-05-05 20:06:09', NULL),
(562, 1, '2026-03-02', '2026-03-02 08:20:00', '2026-03-02 17:07:00', 527, 7, 20, 'late', '2026-05-05 20:06:09', NULL),
(566, 5, '2026-03-02', '2026-03-02 08:17:00', '2026-03-02 18:32:00', 615, 92, 17, 'late', '2026-05-05 20:06:09', NULL),
(567, 6, '2026-03-02', '2026-03-02 07:57:00', '2026-03-02 17:00:00', 543, 0, 0, 'normal', '2026-05-05 20:06:09', NULL),
(568, 7, '2026-03-02', '2026-03-02 07:51:00', '2026-03-02 17:08:00', 557, 8, 0, 'normal', '2026-05-05 20:06:09', NULL),
(569, 8, '2026-03-02', '2026-03-02 07:47:00', '2026-03-02 18:28:00', 641, 88, 0, 'normal', '2026-05-05 20:06:09', NULL),
(573, 1, '2026-03-03', '2026-03-03 07:59:00', '2026-03-03 17:06:00', 547, 6, 0, 'normal', '2026-05-05 20:06:09', NULL),
(577, 5, '2026-03-03', '2026-03-03 08:00:00', '2026-03-03 17:06:00', 546, 6, 0, 'normal', '2026-05-05 20:06:09', NULL),
(578, 6, '2026-03-03', '2026-03-03 08:16:00', '2026-03-03 18:34:00', 618, 94, 16, 'late', '2026-05-05 20:06:09', NULL),
(579, 7, '2026-03-03', '2026-03-03 07:48:00', '2026-03-03 17:04:00', 556, 4, 0, 'normal', '2026-05-05 20:06:09', NULL),
(580, 8, '2026-03-03', '2026-03-03 08:05:00', '2026-03-03 17:10:00', 545, 10, 5, 'late', '2026-05-05 20:06:09', NULL),
(584, 1, '2026-03-04', '2026-03-04 07:46:00', '2026-03-04 17:06:00', 560, 6, 0, 'normal', '2026-05-05 20:06:09', NULL),
(588, 5, '2026-03-04', NULL, NULL, 0, 0, 0, 'absent', '2026-05-05 20:06:09', NULL),
(589, 6, '2026-03-04', '2026-03-04 07:52:00', '2026-03-04 17:09:00', 557, 9, 0, 'normal', '2026-05-05 20:06:09', NULL),
(590, 7, '2026-03-04', '2026-03-04 07:49:00', '2026-03-04 17:00:00', 551, 0, 0, 'normal', '2026-05-05 20:06:09', NULL),
(591, 8, '2026-03-04', '2026-03-04 08:24:00', '2026-03-04 17:01:00', 517, 1, 24, 'late', '2026-05-05 20:06:09', NULL),
(595, 1, '2026-03-05', '2026-03-05 08:00:00', '2026-03-05 17:00:00', 540, 0, 0, 'normal', '2026-05-05 20:06:09', NULL),
(599, 5, '2026-03-05', '2026-03-05 07:57:00', '2026-03-05 17:10:00', 553, 10, 0, 'normal', '2026-05-05 20:06:09', NULL),
(600, 6, '2026-03-05', '2026-03-05 07:57:00', '2026-03-05 17:58:00', 601, 58, 0, 'normal', '2026-05-05 20:06:09', NULL),
(601, 7, '2026-03-05', '2026-03-05 07:50:00', '2026-03-05 17:01:00', 551, 1, 0, 'normal', '2026-05-05 20:06:09', NULL),
(602, 8, '2026-03-05', '2026-03-05 07:53:00', '2026-03-05 17:05:00', 552, 5, 0, 'normal', '2026-05-05 20:06:09', NULL),
(606, 1, '2026-03-06', '2026-03-06 07:46:00', '2026-03-06 17:07:00', 561, 7, 0, 'normal', '2026-05-05 20:06:09', NULL),
(610, 5, '2026-03-06', '2026-03-06 07:53:00', '2026-03-06 17:04:00', 551, 4, 0, 'normal', '2026-05-05 20:06:09', NULL),
(611, 6, '2026-03-06', '2026-03-06 07:51:00', '2026-03-06 18:05:00', 614, 65, 0, 'normal', '2026-05-05 20:06:09', NULL),
(612, 7, '2026-03-06', '2026-03-06 07:54:00', '2026-03-06 17:10:00', 556, 10, 0, 'normal', '2026-05-05 20:06:09', NULL),
(613, 8, '2026-03-06', '2026-03-06 07:46:00', '2026-03-06 17:03:00', 557, 3, 0, 'normal', '2026-05-05 20:06:09', NULL),
(617, 1, '2026-03-07', '2026-03-07 07:52:00', '2026-03-07 17:01:00', 549, 1, 0, 'normal', '2026-05-05 20:06:09', NULL),
(621, 5, '2026-03-07', '2026-03-07 08:00:00', '2026-03-07 18:53:00', 653, 113, 0, 'normal', '2026-05-05 20:06:09', NULL),
(622, 6, '2026-03-07', '2026-03-07 07:46:00', '2026-03-07 17:02:00', 556, 2, 0, 'normal', '2026-05-05 20:06:09', NULL),
(623, 7, '2026-03-07', '2026-03-07 07:50:00', '2026-03-07 17:04:00', 554, 4, 0, 'normal', '2026-05-05 20:06:09', NULL),
(624, 8, '2026-03-07', '2026-03-07 07:49:00', '2026-03-07 17:02:00', 553, 2, 0, 'normal', '2026-05-05 20:06:09', NULL),
(628, 1, '2026-03-09', '2026-03-09 07:56:00', '2026-03-09 18:36:00', 640, 96, 0, 'normal', '2026-05-05 20:06:09', NULL),
(632, 5, '2026-03-09', '2026-03-09 07:52:00', '2026-03-09 17:07:00', 555, 7, 0, 'normal', '2026-05-05 20:06:09', NULL),
(633, 6, '2026-03-09', NULL, NULL, 0, 0, 0, 'absent', '2026-05-05 20:06:09', NULL),
(634, 7, '2026-03-09', '2026-03-09 07:52:00', '2026-03-09 17:01:00', 549, 1, 0, 'normal', '2026-05-05 20:06:09', NULL),
(635, 8, '2026-03-09', '2026-03-09 07:51:00', '2026-03-09 17:05:00', 554, 5, 0, 'normal', '2026-05-05 20:06:09', NULL),
(639, 1, '2026-03-10', '2026-03-10 07:50:00', '2026-03-10 17:06:00', 556, 6, 0, 'normal', '2026-05-05 20:06:10', NULL),
(643, 5, '2026-03-10', '2026-03-10 07:51:00', '2026-03-10 17:05:00', 554, 5, 0, 'normal', '2026-05-05 20:06:10', NULL),
(644, 6, '2026-03-10', '2026-03-10 08:26:00', '2026-03-10 17:07:00', 521, 7, 26, 'late', '2026-05-05 20:06:10', NULL),
(645, 7, '2026-03-10', '2026-03-10 07:51:00', '2026-03-10 17:08:00', 557, 8, 0, 'normal', '2026-05-05 20:06:10', NULL),
(646, 8, '2026-03-10', '2026-03-10 07:54:00', '2026-03-10 17:05:00', 551, 5, 0, 'normal', '2026-05-05 20:06:10', NULL),
(650, 1, '2026-03-11', NULL, NULL, 0, 0, 0, 'absent', '2026-05-05 20:06:10', NULL),
(654, 5, '2026-03-11', '2026-03-11 08:25:00', '2026-03-11 17:09:00', 524, 9, 25, 'late', '2026-05-05 20:06:10', NULL),
(655, 6, '2026-03-11', '2026-03-11 07:53:00', '2026-03-11 18:24:00', 631, 84, 0, 'normal', '2026-05-05 20:06:10', NULL),
(656, 7, '2026-03-11', '2026-03-11 08:23:00', '2026-03-11 17:03:00', 520, 3, 23, 'late', '2026-05-05 20:06:10', NULL),
(657, 8, '2026-03-11', '2026-03-11 07:52:00', '2026-03-11 17:09:00', 557, 9, 0, 'normal', '2026-05-05 20:06:10', NULL),
(661, 1, '2026-03-12', '2026-03-12 07:50:00', '2026-03-12 17:02:00', 552, 2, 0, 'normal', '2026-05-05 20:06:10', NULL),
(665, 5, '2026-03-12', '2026-03-12 08:00:00', '2026-03-12 17:02:00', 542, 2, 0, 'normal', '2026-05-05 20:06:10', NULL),
(666, 6, '2026-03-12', '2026-03-12 07:57:00', '2026-03-12 18:51:00', 654, 111, 0, 'normal', '2026-05-05 20:06:10', NULL),
(667, 7, '2026-03-12', '2026-03-12 07:55:00', '2026-03-12 17:10:00', 555, 10, 0, 'normal', '2026-05-05 20:06:10', NULL),
(668, 8, '2026-03-12', '2026-03-12 07:53:00', '2026-03-12 17:05:00', 552, 5, 0, 'normal', '2026-05-05 20:06:10', NULL),
(672, 1, '2026-03-13', '2026-03-13 07:45:00', '2026-03-13 17:08:00', 563, 8, 0, 'normal', '2026-05-05 20:06:10', NULL),
(676, 5, '2026-03-13', '2026-03-13 07:57:00', '2026-03-13 18:24:00', 627, 84, 0, 'normal', '2026-05-05 20:06:10', NULL),
(677, 6, '2026-03-13', '2026-03-13 08:15:00', '2026-03-13 17:42:00', 567, 42, 15, 'late', '2026-05-05 20:06:10', NULL),
(678, 7, '2026-03-13', '2026-03-13 07:58:00', '2026-03-13 17:01:00', 543, 1, 0, 'normal', '2026-05-05 20:06:10', NULL),
(679, 8, '2026-03-13', NULL, NULL, 0, 0, 0, 'absent', '2026-05-05 20:06:10', NULL),
(683, 1, '2026-03-14', '2026-03-14 07:56:00', '2026-03-14 17:03:00', 547, 3, 0, 'normal', '2026-05-05 20:06:10', NULL),
(687, 5, '2026-03-14', '2026-03-14 07:56:00', '2026-03-14 17:02:00', 546, 2, 0, 'normal', '2026-05-05 20:06:10', NULL),
(688, 6, '2026-03-14', '2026-03-14 07:48:00', '2026-03-14 17:08:00', 560, 8, 0, 'normal', '2026-05-05 20:06:10', NULL),
(689, 7, '2026-03-14', NULL, NULL, 0, 0, 0, 'absent', '2026-05-05 20:06:10', NULL),
(690, 8, '2026-03-14', '2026-03-14 08:31:00', '2026-03-14 17:08:00', 517, 8, 31, 'late', '2026-05-05 20:06:10', NULL),
(694, 1, '2026-03-16', '2026-03-16 08:05:00', '2026-03-16 17:49:00', 584, 49, 5, 'late', '2026-05-05 20:06:10', NULL),
(698, 5, '2026-03-16', NULL, NULL, 0, 0, 0, 'absent', '2026-05-05 20:06:10', NULL),
(699, 6, '2026-03-16', '2026-03-16 07:53:00', '2026-03-16 17:03:00', 550, 3, 0, 'normal', '2026-05-05 20:06:10', NULL),
(700, 7, '2026-03-16', '2026-03-16 07:51:00', '2026-03-16 17:04:00', 553, 4, 0, 'normal', '2026-05-05 20:06:10', NULL),
(701, 8, '2026-03-16', '2026-03-16 07:49:00', '2026-03-16 17:10:00', 561, 10, 0, 'normal', '2026-05-05 20:06:10', NULL),
(705, 1, '2026-03-17', '2026-03-17 07:50:00', '2026-03-17 17:51:00', 601, 51, 0, 'normal', '2026-05-05 20:06:10', NULL),
(709, 5, '2026-03-17', '2026-03-17 07:54:00', '2026-03-17 17:08:00', 554, 8, 0, 'normal', '2026-05-05 20:06:10', NULL),
(710, 6, '2026-03-17', '2026-03-17 08:23:00', '2026-03-17 17:10:00', 527, 10, 23, 'late', '2026-05-05 20:06:10', NULL),
(711, 7, '2026-03-17', '2026-03-17 07:53:00', '2026-03-17 17:08:00', 555, 8, 0, 'normal', '2026-05-05 20:06:10', NULL),
(712, 8, '2026-03-17', NULL, NULL, 0, 0, 0, 'absent', '2026-05-05 20:06:10', NULL),
(716, 1, '2026-03-18', '2026-03-18 08:35:00', '2026-03-18 17:10:00', 515, 10, 35, 'late', '2026-05-05 20:06:10', NULL),
(720, 5, '2026-03-18', '2026-03-18 07:57:00', '2026-03-18 17:05:00', 548, 5, 0, 'normal', '2026-05-05 20:06:10', NULL),
(721, 6, '2026-03-18', '2026-03-18 07:46:00', '2026-03-18 17:04:00', 558, 4, 0, 'normal', '2026-05-05 20:06:10', NULL),
(722, 7, '2026-03-18', '2026-03-18 08:11:00', '2026-03-18 18:45:00', 634, 105, 11, 'late', '2026-05-05 20:06:10', NULL),
(723, 8, '2026-03-18', '2026-03-18 08:25:00', '2026-03-18 17:05:00', 520, 5, 25, 'late', '2026-05-05 20:06:10', NULL),
(727, 1, '2026-03-19', '2026-03-19 07:56:00', '2026-03-19 17:10:00', 554, 10, 0, 'normal', '2026-05-05 20:06:10', NULL),
(731, 5, '2026-03-19', '2026-03-19 07:46:00', '2026-03-19 17:01:00', 555, 1, 0, 'normal', '2026-05-05 20:06:10', NULL),
(732, 6, '2026-03-19', '2026-03-19 08:04:00', '2026-03-19 17:04:00', 540, 4, 4, 'late', '2026-05-05 20:06:10', NULL),
(733, 7, '2026-03-19', '2026-03-19 08:22:00', '2026-03-19 18:57:00', 635, 117, 22, 'late', '2026-05-05 20:06:10', NULL),
(734, 8, '2026-03-19', '2026-03-19 07:57:00', '2026-03-19 17:03:00', 546, 3, 0, 'normal', '2026-05-05 20:06:10', NULL),
(738, 1, '2026-03-20', '2026-03-20 07:54:00', '2026-03-20 17:09:00', 555, 9, 0, 'normal', '2026-05-05 20:06:10', NULL),
(742, 5, '2026-03-20', '2026-03-20 07:51:00', '2026-03-20 17:04:00', 553, 4, 0, 'normal', '2026-05-05 20:06:10', NULL),
(743, 6, '2026-03-20', NULL, NULL, 0, 0, 0, 'absent', '2026-05-05 20:06:10', NULL),
(744, 7, '2026-03-20', '2026-03-20 08:06:00', '2026-03-20 17:01:00', 535, 1, 6, 'late', '2026-05-05 20:06:10', NULL),
(745, 8, '2026-03-20', '2026-03-20 07:45:00', '2026-03-20 17:10:00', 565, 10, 0, 'normal', '2026-05-05 20:06:10', NULL),
(749, 1, '2026-03-21', '2026-03-21 07:55:00', '2026-03-21 17:00:00', 545, 0, 0, 'normal', '2026-05-05 20:06:10', NULL),
(753, 5, '2026-03-21', '2026-03-21 07:47:00', '2026-03-21 17:09:00', 562, 9, 0, 'normal', '2026-05-05 20:06:10', NULL),
(754, 6, '2026-03-21', '2026-03-21 07:47:00', '2026-03-21 17:06:00', 559, 6, 0, 'normal', '2026-05-05 20:06:10', NULL),
(755, 7, '2026-03-21', NULL, NULL, 0, 0, 0, 'absent', '2026-05-05 20:06:10', NULL),
(756, 8, '2026-03-21', '2026-03-21 07:59:00', '2026-03-21 17:09:00', 550, 9, 0, 'normal', '2026-05-05 20:06:10', NULL),
(760, 1, '2026-03-23', '2026-03-23 08:39:00', '2026-03-23 18:13:00', 574, 73, 39, 'late', '2026-05-05 20:06:10', NULL),
(764, 5, '2026-03-23', '2026-03-23 08:28:00', '2026-03-23 17:08:00', 520, 8, 28, 'late', '2026-05-05 20:06:10', NULL),
(765, 6, '2026-03-23', '2026-03-23 08:00:00', '2026-03-23 18:56:00', 656, 116, 0, 'normal', '2026-05-05 20:06:10', NULL),
(766, 7, '2026-03-23', '2026-03-23 07:50:00', '2026-03-23 18:57:00', 667, 117, 0, 'normal', '2026-05-05 20:06:10', NULL),
(767, 8, '2026-03-23', '2026-03-23 07:53:00', '2026-03-23 18:42:00', 649, 102, 0, 'normal', '2026-05-05 20:06:10', NULL),
(771, 1, '2026-03-24', '2026-03-24 07:52:00', '2026-03-24 17:06:00', 554, 6, 0, 'normal', '2026-05-05 20:06:10', NULL),
(775, 5, '2026-03-24', NULL, NULL, 0, 0, 0, 'absent', '2026-05-05 20:06:10', NULL),
(776, 6, '2026-03-24', NULL, NULL, 0, 0, 0, 'absent', '2026-05-05 20:06:10', NULL),
(777, 7, '2026-03-24', '2026-03-24 08:57:00', '2026-03-24 17:05:00', 488, 5, 57, 'late', '2026-05-05 20:06:10', NULL),
(778, 8, '2026-03-24', '2026-03-24 08:14:00', '2026-03-24 17:00:00', 526, 0, 14, 'late', '2026-05-05 20:06:10', NULL),
(782, 1, '2026-03-25', '2026-03-25 08:19:00', '2026-03-25 17:09:00', 530, 9, 19, 'late', '2026-05-05 20:06:10', NULL),
(786, 5, '2026-03-25', '2026-03-25 07:46:00', '2026-03-25 17:09:00', 563, 9, 0, 'normal', '2026-05-05 20:06:10', NULL),
(787, 6, '2026-03-25', '2026-03-25 07:45:00', '2026-03-25 18:28:00', 643, 88, 0, 'normal', '2026-05-05 20:06:10', NULL),
(788, 7, '2026-03-25', NULL, NULL, 0, 0, 0, 'absent', '2026-05-05 20:06:10', NULL),
(789, 8, '2026-03-25', NULL, NULL, 0, 0, 0, 'absent', '2026-05-05 20:06:10', NULL),
(793, 1, '2026-03-26', '2026-03-26 07:46:00', '2026-03-26 17:04:00', 558, 4, 0, 'normal', '2026-05-05 20:06:10', NULL),
(797, 5, '2026-03-26', '2026-03-26 08:05:00', '2026-03-26 17:00:00', 535, 0, 5, 'late', '2026-05-05 20:06:10', NULL),
(798, 6, '2026-03-26', '2026-03-26 07:46:00', '2026-03-26 17:05:00', 559, 5, 0, 'normal', '2026-05-05 20:06:10', NULL),
(799, 7, '2026-03-26', '2026-03-26 07:52:00', '2026-03-26 17:03:00', 551, 3, 0, 'normal', '2026-05-05 20:06:10', NULL),
(800, 8, '2026-03-26', '2026-03-26 07:48:00', '2026-03-26 17:03:00', 555, 3, 0, 'normal', '2026-05-05 20:06:10', NULL),
(804, 1, '2026-03-27', '2026-03-27 08:00:00', '2026-03-27 17:09:00', 549, 9, 0, 'normal', '2026-05-05 20:06:11', NULL),
(808, 5, '2026-03-27', '2026-03-27 07:46:00', '2026-03-27 17:07:00', 561, 7, 0, 'normal', '2026-05-05 20:06:11', NULL),
(809, 6, '2026-03-27', '2026-03-27 07:46:00', '2026-03-27 17:07:00', 561, 7, 0, 'normal', '2026-05-05 20:06:11', NULL),
(810, 7, '2026-03-27', '2026-03-27 07:59:00', '2026-03-27 17:01:00', 542, 1, 0, 'normal', '2026-05-05 20:06:11', NULL),
(811, 8, '2026-03-27', NULL, NULL, 0, 0, 0, 'absent', '2026-05-05 20:06:11', NULL),
(815, 1, '2026-03-28', '2026-03-28 07:56:00', '2026-03-28 17:38:00', 582, 38, 0, 'normal', '2026-05-05 20:06:11', NULL),
(819, 5, '2026-03-28', '2026-03-28 07:49:00', '2026-03-28 17:42:00', 593, 42, 0, 'normal', '2026-05-05 20:06:11', NULL),
(820, 6, '2026-03-28', '2026-03-28 07:52:00', '2026-03-28 17:01:00', 549, 1, 0, 'normal', '2026-05-05 20:06:11', NULL),
(821, 7, '2026-03-28', '2026-03-28 07:51:00', '2026-03-28 17:08:00', 557, 8, 0, 'normal', '2026-05-05 20:06:11', NULL),
(822, 8, '2026-03-28', '2026-03-28 07:49:00', '2026-03-28 17:00:00', 551, 0, 0, 'normal', '2026-05-05 20:06:11', NULL),
(826, 1, '2026-03-30', '2026-03-30 08:43:00', '2026-03-30 17:09:00', 506, 9, 43, 'late', '2026-05-05 20:06:11', NULL),
(830, 5, '2026-03-30', '2026-03-30 07:49:00', '2026-03-30 17:09:00', 560, 9, 0, 'normal', '2026-05-05 20:06:11', NULL),
(831, 6, '2026-03-30', '2026-03-30 08:42:00', '2026-03-30 17:10:00', 508, 10, 42, 'late', '2026-05-05 20:06:11', NULL),
(832, 7, '2026-03-30', '2026-03-30 09:00:00', '2026-03-30 17:05:00', 485, 5, 60, 'late', '2026-05-05 20:06:11', NULL),
(833, 8, '2026-03-30', '2026-03-30 07:54:00', '2026-03-30 17:08:00', 554, 8, 0, 'normal', '2026-05-05 20:06:11', NULL),
(837, 1, '2026-03-31', '2026-03-31 08:24:00', '2026-03-31 17:02:00', 518, 2, 24, 'late', '2026-05-05 20:06:11', NULL),
(841, 5, '2026-03-31', NULL, NULL, 0, 0, 0, 'absent', '2026-05-05 20:06:11', NULL),
(842, 6, '2026-03-31', '2026-03-31 08:17:00', '2026-03-31 17:06:00', 529, 6, 17, 'late', '2026-05-05 20:06:11', NULL),
(843, 7, '2026-03-31', '2026-03-31 07:45:00', '2026-03-31 17:01:00', 556, 1, 0, 'normal', '2026-05-05 20:06:11', NULL),
(844, 8, '2026-03-31', '2026-03-31 07:51:00', '2026-03-31 17:09:00', 558, 9, 0, 'normal', '2026-05-05 20:06:11', NULL),
(848, 1, '2026-04-01', '2026-04-01 07:45:00', '2026-04-01 18:44:00', 659, 104, 0, 'normal', '2026-05-05 20:06:11', NULL),
(852, 5, '2026-04-01', '2026-04-01 08:37:00', '2026-04-01 17:04:00', 507, 4, 37, 'late', '2026-05-05 20:06:11', NULL),
(853, 6, '2026-04-01', '2026-04-01 07:56:00', '2026-04-01 17:08:00', 552, 8, 0, 'normal', '2026-05-05 20:06:11', NULL),
(854, 7, '2026-04-01', '2026-04-01 07:59:00', '2026-04-01 17:06:00', 547, 6, 0, 'normal', '2026-05-05 20:06:11', NULL),
(855, 8, '2026-04-01', '2026-04-01 07:45:00', '2026-04-01 17:06:00', 561, 6, 0, 'normal', '2026-05-05 20:06:11', NULL),
(859, 1, '2026-04-02', '2026-04-02 08:31:00', '2026-04-02 17:48:00', 557, 48, 31, 'late', '2026-05-05 20:06:11', NULL),
(863, 5, '2026-04-02', '2026-04-02 07:54:00', '2026-04-02 17:03:00', 549, 3, 0, 'normal', '2026-05-05 20:06:11', NULL),
(864, 6, '2026-04-02', '2026-04-02 07:51:00', '2026-04-02 17:08:00', 557, 8, 0, 'normal', '2026-05-05 20:06:11', NULL),
(865, 7, '2026-04-02', '2026-04-02 07:56:00', '2026-04-02 17:06:00', 550, 6, 0, 'normal', '2026-05-05 20:06:11', NULL),
(866, 8, '2026-04-02', NULL, NULL, 0, 0, 0, 'absent', '2026-05-05 20:06:11', NULL),
(870, 1, '2026-04-03', NULL, NULL, 0, 0, 0, 'absent', '2026-05-05 20:06:11', NULL);
INSERT INTO `attendance_daily_summary` (`id`, `maND`, `work_date`, `first_in`, `last_out`, `work_minutes`, `overtime_minutes`, `late_minutes`, `status`, `created_at`, `updated_at`) VALUES
(874, 5, '2026-04-03', '2026-04-03 07:53:00', '2026-04-03 17:08:00', 555, 8, 0, 'normal', '2026-05-05 20:06:11', NULL),
(875, 6, '2026-04-03', NULL, NULL, 0, 0, 0, 'absent', '2026-05-05 20:06:11', NULL),
(876, 7, '2026-04-03', '2026-04-03 08:43:00', '2026-04-03 17:06:00', 503, 6, 43, 'late', '2026-05-05 20:06:11', NULL),
(877, 8, '2026-04-03', '2026-04-03 07:52:00', '2026-04-03 17:10:00', 558, 10, 0, 'normal', '2026-05-05 20:06:11', NULL),
(881, 1, '2026-04-04', NULL, NULL, 0, 0, 0, 'absent', '2026-05-05 20:06:11', NULL),
(885, 5, '2026-04-04', '2026-04-04 07:48:00', '2026-04-04 17:07:00', 559, 7, 0, 'normal', '2026-05-05 20:06:11', NULL),
(886, 6, '2026-04-04', '2026-04-04 07:46:00', '2026-04-04 17:03:00', 557, 3, 0, 'normal', '2026-05-05 20:06:11', NULL),
(887, 7, '2026-04-04', '2026-04-04 07:52:00', '2026-04-04 17:03:00', 551, 3, 0, 'normal', '2026-05-05 20:06:11', NULL),
(888, 8, '2026-04-04', '2026-04-04 07:53:00', '2026-04-04 17:04:00', 551, 4, 0, 'normal', '2026-05-05 20:06:11', NULL),
(892, 1, '2026-04-06', NULL, NULL, 0, 0, 0, 'absent', '2026-05-05 20:06:11', NULL),
(896, 5, '2026-04-06', '2026-04-06 07:59:00', '2026-04-06 17:09:00', 550, 9, 0, 'normal', '2026-05-05 20:06:11', NULL),
(897, 6, '2026-04-06', '2026-04-06 07:46:00', '2026-04-06 17:05:00', 559, 5, 0, 'normal', '2026-05-05 20:06:11', NULL),
(898, 7, '2026-04-06', '2026-04-06 07:49:00', '2026-04-06 17:02:00', 553, 2, 0, 'normal', '2026-05-05 20:06:11', NULL),
(899, 8, '2026-04-06', '2026-04-06 07:52:00', '2026-04-06 17:46:00', 594, 46, 0, 'normal', '2026-05-05 20:06:11', NULL),
(903, 1, '2026-04-07', '2026-04-07 08:33:00', '2026-04-07 17:02:00', 509, 2, 33, 'late', '2026-05-05 20:06:11', NULL),
(907, 5, '2026-04-07', NULL, NULL, 0, 0, 0, 'absent', '2026-05-05 20:06:11', NULL),
(908, 6, '2026-04-07', '2026-04-07 07:59:00', '2026-04-07 18:22:00', 623, 82, 0, 'normal', '2026-05-05 20:06:11', NULL),
(909, 7, '2026-04-07', '2026-04-07 08:00:00', '2026-04-07 17:10:00', 550, 10, 0, 'normal', '2026-05-05 20:06:11', NULL),
(910, 8, '2026-04-07', NULL, NULL, 0, 0, 0, 'absent', '2026-05-05 20:06:11', NULL),
(914, 1, '2026-04-08', NULL, NULL, 0, 0, 0, 'absent', '2026-05-05 20:06:11', NULL),
(918, 5, '2026-04-08', '2026-04-08 07:50:00', '2026-04-08 17:07:00', 557, 7, 0, 'normal', '2026-05-05 20:06:11', NULL),
(919, 6, '2026-04-08', '2026-04-08 08:10:00', '2026-04-08 17:04:00', 534, 4, 10, 'late', '2026-05-05 20:06:11', NULL),
(920, 7, '2026-04-08', '2026-04-08 07:57:00', '2026-04-08 17:01:00', 544, 1, 0, 'normal', '2026-05-05 20:06:11', NULL),
(921, 8, '2026-04-08', '2026-04-08 07:55:00', '2026-04-08 17:01:00', 546, 1, 0, 'normal', '2026-05-05 20:06:11', NULL),
(925, 1, '2026-04-09', '2026-04-09 07:54:00', '2026-04-09 17:10:00', 556, 10, 0, 'normal', '2026-05-05 20:06:11', NULL),
(929, 5, '2026-04-09', '2026-04-09 07:49:00', '2026-04-09 17:09:00', 560, 9, 0, 'normal', '2026-05-05 20:06:11', NULL),
(930, 6, '2026-04-09', '2026-04-09 07:46:00', '2026-04-09 17:10:00', 564, 10, 0, 'normal', '2026-05-05 20:06:11', NULL),
(931, 7, '2026-04-09', '2026-04-09 07:57:00', '2026-04-09 17:01:00', 544, 1, 0, 'normal', '2026-05-05 20:06:11', NULL),
(932, 8, '2026-04-09', '2026-04-09 08:15:00', '2026-04-09 17:10:00', 535, 10, 15, 'late', '2026-05-05 20:06:11', NULL),
(936, 1, '2026-04-10', NULL, NULL, 0, 0, 0, 'absent', '2026-05-05 20:06:11', NULL),
(940, 5, '2026-04-10', '2026-04-10 08:05:00', '2026-04-10 17:01:00', 536, 1, 5, 'late', '2026-05-05 20:06:11', NULL),
(941, 6, '2026-04-10', NULL, NULL, 0, 0, 0, 'absent', '2026-05-05 20:06:11', NULL),
(942, 7, '2026-04-10', '2026-04-10 08:47:00', '2026-04-10 17:45:00', 538, 45, 47, 'late', '2026-05-05 20:06:11', NULL),
(943, 8, '2026-04-10', '2026-04-10 07:59:00', '2026-04-10 17:45:00', 586, 45, 0, 'normal', '2026-05-05 20:06:11', NULL),
(947, 1, '2026-04-11', '2026-04-11 08:00:00', '2026-04-11 17:10:00', 550, 10, 0, 'normal', '2026-05-05 20:06:11', NULL),
(951, 5, '2026-04-11', '2026-04-11 07:59:00', '2026-04-11 18:32:00', 633, 92, 0, 'normal', '2026-05-05 20:06:11', NULL),
(952, 6, '2026-04-11', '2026-04-11 07:54:00', '2026-04-11 17:08:00', 554, 8, 0, 'normal', '2026-05-05 20:06:11', NULL),
(953, 7, '2026-04-11', '2026-04-11 07:46:00', '2026-04-11 17:09:00', 563, 9, 0, 'normal', '2026-05-05 20:06:11', NULL),
(954, 8, '2026-04-11', '2026-04-11 08:01:00', '2026-04-11 17:02:00', 541, 2, 1, 'late', '2026-05-05 20:06:11', NULL),
(958, 1, '2026-04-13', '2026-04-13 08:55:00', '2026-04-13 17:07:00', 492, 7, 55, 'late', '2026-05-05 20:06:11', NULL),
(962, 5, '2026-04-13', '2026-04-13 07:52:00', '2026-04-13 17:07:00', 555, 7, 0, 'normal', '2026-05-05 20:06:11', NULL),
(963, 6, '2026-04-13', '2026-04-13 08:45:00', '2026-04-13 17:04:00', 499, 4, 45, 'late', '2026-05-05 20:06:12', NULL),
(964, 7, '2026-04-13', '2026-04-13 07:53:00', '2026-04-13 17:10:00', 557, 10, 0, 'normal', '2026-05-05 20:06:12', NULL),
(965, 8, '2026-04-13', '2026-04-13 07:50:00', '2026-04-13 18:00:00', 610, 60, 0, 'normal', '2026-05-05 20:06:12', NULL),
(969, 1, '2026-04-14', '2026-04-14 07:53:00', '2026-04-14 19:00:00', 667, 120, 0, 'normal', '2026-05-05 20:06:12', NULL),
(973, 5, '2026-04-14', '2026-04-14 07:50:00', '2026-04-14 18:07:00', 617, 67, 0, 'normal', '2026-05-05 20:06:12', NULL),
(974, 6, '2026-04-14', '2026-04-14 08:33:00', '2026-04-14 17:06:00', 513, 6, 33, 'late', '2026-05-05 20:06:12', NULL),
(975, 7, '2026-04-14', '2026-04-14 07:51:00', '2026-04-14 17:05:00', 554, 5, 0, 'normal', '2026-05-05 20:06:12', NULL),
(976, 8, '2026-04-14', '2026-04-14 08:28:00', '2026-04-14 17:08:00', 520, 8, 28, 'late', '2026-05-05 20:06:12', NULL),
(980, 1, '2026-04-15', '2026-04-15 07:51:00', '2026-04-15 17:08:00', 557, 8, 0, 'normal', '2026-05-05 20:06:12', NULL),
(984, 5, '2026-04-15', '2026-04-15 07:59:00', '2026-04-15 18:14:00', 615, 74, 0, 'normal', '2026-05-05 20:06:12', NULL),
(985, 6, '2026-04-15', '2026-04-15 08:51:00', '2026-04-15 17:04:00', 493, 4, 51, 'late', '2026-05-05 20:06:12', NULL),
(986, 7, '2026-04-15', '2026-04-15 07:46:00', '2026-04-15 18:55:00', 669, 115, 0, 'normal', '2026-05-05 20:06:12', NULL),
(987, 8, '2026-04-15', '2026-04-15 07:57:00', '2026-04-15 17:08:00', 551, 8, 0, 'normal', '2026-05-05 20:06:12', NULL),
(991, 1, '2026-04-16', '2026-04-16 07:55:00', '2026-04-16 17:09:00', 554, 9, 0, 'normal', '2026-05-05 20:06:12', NULL),
(995, 5, '2026-04-16', '2026-04-16 07:54:00', '2026-04-16 17:01:00', 547, 1, 0, 'normal', '2026-05-05 20:06:12', NULL),
(996, 6, '2026-04-16', '2026-04-16 07:45:00', '2026-04-16 18:18:00', 633, 78, 0, 'normal', '2026-05-05 20:06:12', NULL),
(997, 7, '2026-04-16', '2026-04-16 07:48:00', '2026-04-16 17:06:00', 558, 6, 0, 'normal', '2026-05-05 20:06:12', NULL),
(998, 8, '2026-04-16', '2026-04-16 07:52:00', '2026-04-16 17:02:00', 550, 2, 0, 'normal', '2026-05-05 20:06:12', NULL),
(1002, 1, '2026-04-17', '2026-04-17 08:27:00', '2026-04-17 17:02:00', 515, 2, 27, 'late', '2026-05-05 20:06:12', NULL),
(1006, 5, '2026-04-17', '2026-04-17 07:53:00', '2026-04-17 17:09:00', 556, 9, 0, 'normal', '2026-05-05 20:06:12', NULL),
(1007, 6, '2026-04-17', '2026-04-17 07:45:00', '2026-04-17 17:10:00', 565, 10, 0, 'normal', '2026-05-05 20:06:12', NULL),
(1008, 7, '2026-04-17', NULL, NULL, 0, 0, 0, 'absent', '2026-05-05 20:06:12', NULL),
(1009, 8, '2026-04-17', '2026-04-17 08:49:00', '2026-04-17 17:02:00', 493, 2, 49, 'late', '2026-05-05 20:06:12', NULL),
(1013, 1, '2026-04-18', '2026-04-18 07:51:00', '2026-04-18 17:06:00', 555, 6, 0, 'normal', '2026-05-05 20:06:12', NULL),
(1017, 5, '2026-04-18', '2026-04-18 07:54:00', '2026-04-18 17:03:00', 549, 3, 0, 'normal', '2026-05-05 20:06:12', NULL),
(1018, 6, '2026-04-18', '2026-04-18 07:49:00', '2026-04-18 17:08:00', 559, 8, 0, 'normal', '2026-05-05 20:06:12', NULL),
(1019, 7, '2026-04-18', '2026-04-18 07:46:00', '2026-04-18 17:02:00', 556, 2, 0, 'normal', '2026-05-05 20:06:12', NULL),
(1020, 8, '2026-04-18', '2026-04-18 08:14:00', '2026-04-18 17:10:00', 536, 10, 14, 'late', '2026-05-05 20:06:12', NULL),
(1024, 1, '2026-04-20', '2026-04-20 07:59:00', '2026-04-20 17:10:00', 551, 10, 0, 'normal', '2026-05-05 20:06:12', NULL),
(1028, 5, '2026-04-20', '2026-04-20 07:52:00', '2026-04-20 17:08:00', 556, 8, 0, 'normal', '2026-05-05 20:06:12', NULL),
(1029, 6, '2026-04-20', '2026-04-20 07:57:00', '2026-04-20 17:08:00', 551, 8, 0, 'normal', '2026-05-05 20:06:12', NULL),
(1030, 7, '2026-04-20', '2026-04-20 08:25:00', '2026-04-20 17:07:00', 522, 7, 25, 'late', '2026-05-05 20:06:12', NULL),
(1031, 8, '2026-04-20', '2026-04-20 08:16:00', '2026-04-20 17:03:00', 527, 3, 16, 'late', '2026-05-05 20:06:12', NULL),
(1035, 1, '2026-04-21', '2026-04-21 07:55:00', '2026-04-21 17:01:00', 546, 1, 0, 'normal', '2026-05-05 20:06:12', NULL),
(1039, 5, '2026-04-21', '2026-04-21 07:54:00', '2026-04-21 17:06:00', 552, 6, 0, 'normal', '2026-05-05 20:06:12', NULL),
(1040, 6, '2026-04-21', '2026-04-21 07:46:00', '2026-04-21 17:01:00', 555, 1, 0, 'normal', '2026-05-05 20:06:12', NULL),
(1041, 7, '2026-04-21', NULL, NULL, 0, 0, 0, 'absent', '2026-05-05 20:06:12', NULL),
(1042, 8, '2026-04-21', '2026-04-21 08:06:00', '2026-04-21 17:05:00', 539, 5, 6, 'late', '2026-05-05 20:06:12', NULL),
(1046, 1, '2026-04-22', '2026-04-22 07:48:00', '2026-04-22 18:04:00', 616, 64, 0, 'normal', '2026-05-05 20:06:12', NULL),
(1050, 5, '2026-04-22', '2026-04-22 07:49:00', '2026-04-22 17:10:00', 561, 10, 0, 'normal', '2026-05-05 20:06:12', NULL),
(1051, 6, '2026-04-22', '2026-04-22 07:59:00', '2026-04-22 17:04:00', 545, 4, 0, 'normal', '2026-05-05 20:06:12', NULL),
(1052, 7, '2026-04-22', '2026-04-22 08:52:00', '2026-04-22 18:01:00', 549, 61, 52, 'late', '2026-05-05 20:06:12', NULL),
(1053, 8, '2026-04-22', '2026-04-22 08:00:00', '2026-04-22 17:05:00', 545, 5, 0, 'normal', '2026-05-05 20:06:12', NULL),
(1057, 1, '2026-04-23', '2026-04-23 07:54:00', '2026-04-23 18:01:00', 607, 61, 0, 'normal', '2026-05-05 20:06:12', NULL),
(1061, 5, '2026-04-23', '2026-04-23 07:52:00', '2026-04-23 17:05:00', 553, 5, 0, 'normal', '2026-05-05 20:06:12', NULL),
(1062, 6, '2026-04-23', '2026-04-23 07:51:00', '2026-04-23 17:02:00', 551, 2, 0, 'normal', '2026-05-05 20:06:12', NULL),
(1063, 7, '2026-04-23', '2026-04-23 07:52:00', '2026-04-23 17:04:00', 552, 4, 0, 'normal', '2026-05-05 20:06:12', NULL),
(1064, 8, '2026-04-23', '2026-04-23 07:45:00', '2026-04-23 17:10:00', 565, 10, 0, 'normal', '2026-05-05 20:06:12', NULL),
(1068, 1, '2026-04-24', '2026-04-24 08:30:00', '2026-04-24 17:06:00', 516, 6, 30, 'late', '2026-05-05 20:06:12', NULL),
(1072, 5, '2026-04-24', NULL, NULL, 0, 0, 0, 'absent', '2026-05-05 20:06:12', NULL),
(1073, 6, '2026-04-24', '2026-04-24 08:47:00', '2026-04-24 18:55:00', 608, 115, 47, 'late', '2026-05-05 20:06:12', NULL),
(1074, 7, '2026-04-24', '2026-04-24 08:31:00', '2026-04-24 17:00:00', 509, 0, 31, 'late', '2026-05-05 20:06:12', NULL),
(1075, 8, '2026-04-24', NULL, NULL, 0, 0, 0, 'absent', '2026-05-05 20:06:12', NULL),
(1079, 1, '2026-04-25', '2026-04-25 07:53:00', '2026-04-25 17:08:00', 555, 8, 0, 'normal', '2026-05-05 20:06:12', NULL),
(1083, 5, '2026-04-25', '2026-04-25 08:14:00', '2026-04-25 17:03:00', 529, 3, 14, 'late', '2026-05-05 20:06:12', NULL),
(1084, 6, '2026-04-25', '2026-04-25 07:47:00', '2026-04-25 17:03:00', 556, 3, 0, 'normal', '2026-05-05 20:06:12', NULL),
(1085, 7, '2026-04-25', '2026-04-25 08:51:00', '2026-04-25 17:06:00', 495, 6, 51, 'late', '2026-05-05 20:06:12', NULL),
(1086, 8, '2026-04-25', '2026-04-25 07:47:00', '2026-04-25 17:03:00', 556, 3, 0, 'normal', '2026-05-05 20:06:12', NULL),
(1090, 1, '2026-04-27', '2026-04-27 07:51:00', '2026-04-27 17:10:00', 559, 10, 0, 'normal', '2026-05-05 20:06:12', NULL),
(1094, 5, '2026-04-27', '2026-04-27 07:55:00', '2026-04-27 17:04:00', 549, 4, 0, 'normal', '2026-05-05 20:06:12', NULL),
(1095, 6, '2026-04-27', '2026-04-27 08:18:00', '2026-04-27 17:06:00', 528, 6, 18, 'late', '2026-05-05 20:06:12', NULL),
(1096, 7, '2026-04-27', '2026-04-27 07:56:00', '2026-04-27 17:10:00', 554, 10, 0, 'normal', '2026-05-05 20:06:12', NULL),
(1097, 8, '2026-04-27', '2026-04-27 08:03:00', '2026-04-27 17:05:00', 542, 5, 3, 'late', '2026-05-05 20:06:12', NULL),
(1101, 1, '2026-04-28', '2026-04-28 07:46:00', '2026-04-28 17:07:00', 561, 7, 0, 'normal', '2026-05-05 20:06:12', NULL),
(1105, 5, '2026-04-28', '2026-04-28 07:45:00', '2026-04-28 17:02:00', 557, 2, 0, 'normal', '2026-05-05 20:06:12', NULL),
(1106, 6, '2026-04-28', '2026-04-28 07:58:00', '2026-04-28 17:01:00', 543, 1, 0, 'normal', '2026-05-05 20:06:12', NULL),
(1107, 7, '2026-04-28', '2026-04-28 07:51:00', '2026-04-28 17:02:00', 551, 2, 0, 'normal', '2026-05-05 20:06:12', NULL),
(1108, 8, '2026-04-28', '2026-04-28 07:59:00', '2026-04-28 17:10:00', 551, 10, 0, 'normal', '2026-05-05 20:06:12', NULL),
(1112, 1, '2026-04-29', '2026-04-29 08:19:00', '2026-04-29 17:05:00', 526, 5, 19, 'late', '2026-05-05 20:06:12', NULL),
(1116, 5, '2026-04-29', '2026-04-29 07:47:00', '2026-04-29 17:06:00', 559, 6, 0, 'normal', '2026-05-05 20:06:12', NULL),
(1117, 6, '2026-04-29', '2026-04-29 08:14:00', '2026-04-29 18:00:00', 586, 60, 14, 'late', '2026-05-05 20:06:12', NULL),
(1118, 7, '2026-04-29', '2026-04-29 08:30:00', '2026-04-29 18:04:00', 574, 64, 30, 'late', '2026-05-05 20:06:12', NULL),
(1119, 8, '2026-04-29', '2026-04-29 07:56:00', '2026-04-29 17:00:00', 544, 0, 0, 'normal', '2026-05-05 20:06:12', NULL),
(1123, 1, '2026-04-30', '2026-04-30 07:49:00', '2026-04-30 17:04:00', 555, 4, 0, 'normal', '2026-05-05 20:06:12', NULL),
(1127, 5, '2026-04-30', '2026-04-30 07:54:00', '2026-04-30 17:10:00', 556, 10, 0, 'normal', '2026-05-05 20:06:12', NULL),
(1128, 6, '2026-04-30', '2026-04-30 07:54:00', '2026-04-30 18:31:00', 637, 91, 0, 'normal', '2026-05-05 20:06:12', NULL),
(1129, 7, '2026-04-30', NULL, NULL, 0, 0, 0, 'absent', '2026-05-05 20:06:12', NULL),
(1130, 8, '2026-04-30', '2026-04-30 07:45:00', '2026-04-30 17:09:00', 564, 9, 0, 'normal', '2026-05-05 20:06:13', NULL),
(1134, 1, '2026-05-01', NULL, NULL, 0, 0, 0, 'absent', '2026-05-05 20:06:13', NULL),
(1138, 5, '2026-05-01', '2026-05-01 07:48:00', '2026-05-01 17:30:00', 582, 30, 0, 'normal', '2026-05-05 20:06:13', NULL),
(1139, 6, '2026-05-01', '2026-05-01 07:52:00', '2026-05-01 17:09:00', 557, 9, 0, 'normal', '2026-05-05 20:06:13', NULL),
(1140, 7, '2026-05-01', '2026-05-01 07:57:00', '2026-05-01 18:39:00', 642, 99, 0, 'normal', '2026-05-05 20:06:13', NULL),
(1141, 8, '2026-05-01', '2026-05-01 07:47:00', '2026-05-01 17:04:00', 557, 4, 0, 'normal', '2026-05-05 20:06:13', NULL),
(1145, 1, '2026-05-02', NULL, NULL, 0, 0, 0, 'absent', '2026-05-05 20:06:13', NULL),
(1149, 5, '2026-05-02', '2026-05-02 07:48:00', '2026-05-02 17:10:00', 562, 10, 0, 'normal', '2026-05-05 20:06:13', NULL),
(1150, 6, '2026-05-02', '2026-05-02 07:45:00', '2026-05-02 17:06:00', 561, 6, 0, 'normal', '2026-05-05 20:06:13', NULL),
(1151, 7, '2026-05-02', NULL, NULL, 0, 0, 0, 'absent', '2026-05-05 20:06:13', NULL),
(1152, 8, '2026-05-02', '2026-05-02 07:48:00', '2026-05-02 17:01:00', 553, 1, 0, 'normal', '2026-05-05 20:06:13', NULL),
(1156, 1, '2026-05-04', '2026-05-04 08:45:00', '2026-05-04 17:01:00', 496, 1, 45, 'late', '2026-05-05 20:06:13', NULL),
(1160, 5, '2026-05-04', '2026-05-04 07:56:00', '2026-05-04 17:30:00', 574, 30, 0, 'normal', '2026-05-05 20:06:13', NULL),
(1161, 6, '2026-05-04', '2026-05-04 08:47:00', '2026-05-04 17:10:00', 503, 10, 47, 'late', '2026-05-05 20:06:13', NULL),
(1162, 7, '2026-05-04', '2026-05-04 07:53:00', '2026-05-04 17:44:00', 591, 44, 0, 'normal', '2026-05-05 20:06:13', NULL),
(1163, 8, '2026-05-04', '2026-05-04 07:54:00', '2026-05-04 17:09:00', 555, 9, 0, 'normal', '2026-05-05 20:06:13', NULL),
(1167, 1, '2026-05-05', '2026-05-05 07:48:00', '2026-05-05 17:07:00', 559, 7, 0, 'normal', '2026-05-05 20:06:13', NULL),
(1171, 5, '2026-05-05', '2026-05-05 07:54:00', '2026-05-05 17:00:00', 546, 0, 0, 'normal', '2026-05-05 20:06:13', NULL),
(1172, 6, '2026-05-05', '2026-05-05 07:58:00', '2026-05-05 18:20:00', 622, 80, 0, 'normal', '2026-05-05 20:06:13', NULL),
(1173, 7, '2026-05-05', '2026-05-05 07:50:00', '2026-05-05 17:06:00', 556, 6, 0, 'normal', '2026-05-05 20:06:13', NULL),
(1174, 8, '2026-05-05', NULL, NULL, 0, 0, 0, 'absent', '2026-05-05 20:06:13', NULL);

-- --------------------------------------------------------

--
-- Table structure for table `attendance_employee_shift`
--

CREATE TABLE `attendance_employee_shift` (
  `id` int(11) NOT NULL,
  `maND` int(11) NOT NULL,
  `shift_id` int(11) NOT NULL,
  `effective_from` date NOT NULL,
  `effective_to` date DEFAULT NULL,
  `created_at` datetime NOT NULL DEFAULT current_timestamp()
) ENGINE=InnoDB DEFAULT CHARSET=utf8mb4 COLLATE=utf8mb4_unicode_ci;

--
-- Dumping data for table `attendance_employee_shift`
--

INSERT INTO `attendance_employee_shift` (`id`, `maND`, `shift_id`, `effective_from`, `effective_to`, `created_at`) VALUES
(1, 1, 1, '2026-03-21', NULL, '2026-03-21 12:56:34'),
(5, 6, 1, '2026-03-20', NULL, '2026-03-23 19:27:03'),
(6, 7, 1, '2026-03-20', NULL, '2026-03-23 19:27:03'),
(7, 8, 1, '2026-03-20', NULL, '2026-03-23 19:27:03'),
(11, 1, 1, '2026-01-01', NULL, '2026-04-01 11:59:11'),
(15, 5, 1, '2026-01-01', NULL, '2026-04-01 11:59:11'),
(16, 6, 1, '2026-01-01', NULL, '2026-04-01 11:59:11'),
(17, 7, 1, '2026-01-01', NULL, '2026-04-01 11:59:11'),
(18, 8, 1, '2026-01-01', NULL, '2026-04-01 11:59:11'),
(22, 1, 1, '2026-01-01', NULL, '2026-04-01 22:24:46'),
(26, 5, 1, '2026-01-01', NULL, '2026-04-01 22:24:46'),
(27, 6, 1, '2026-01-01', NULL, '2026-04-01 22:24:46'),
(28, 7, 1, '2026-01-01', NULL, '2026-04-01 22:24:46'),
(29, 8, 1, '2026-01-01', NULL, '2026-04-01 22:24:46');

-- --------------------------------------------------------

--
-- Table structure for table `attendance_logs`
--

CREATE TABLE `attendance_logs` (
  `id` int(11) NOT NULL,
  `maND` int(11) NOT NULL,
  `action` enum('IN','OUT') NOT NULL,
  `method` enum('LAN','QR') NOT NULL DEFAULT 'LAN',
  `wifi_name` varchar(120) DEFAULT NULL,
  `device_info` varchar(255) DEFAULT NULL,
  `note` varchar(255) DEFAULT NULL,
  `created_at` datetime NOT NULL DEFAULT current_timestamp()
) ENGINE=InnoDB DEFAULT CHARSET=utf8mb4 COLLATE=utf8mb4_unicode_ci;

--
-- Dumping data for table `attendance_logs`
--

INSERT INTO `attendance_logs` (`id`, `maND`, `action`, `method`, `wifi_name`, `device_info`, `note`, `created_at`) VALUES
(7, 5, 'IN', 'LAN', NULL, NULL, NULL, '2026-01-01 08:09:00'),
(8, 5, 'OUT', 'LAN', NULL, NULL, NULL, '2026-01-01 18:00:00'),
(9, 7, 'IN', 'LAN', NULL, NULL, NULL, '2026-01-01 07:54:00'),
(10, 7, 'OUT', 'LAN', NULL, NULL, NULL, '2026-01-01 17:08:00'),
(11, 8, 'IN', 'LAN', NULL, NULL, NULL, '2026-01-01 08:00:00'),
(12, 8, 'OUT', 'LAN', NULL, NULL, NULL, '2026-01-01 17:05:00'),
(23, 5, 'IN', 'LAN', NULL, NULL, NULL, '2026-01-02 07:47:00'),
(24, 5, 'OUT', 'LAN', NULL, NULL, NULL, '2026-01-02 17:03:00'),
(25, 6, 'IN', 'LAN', NULL, NULL, NULL, '2026-01-02 07:48:00'),
(26, 6, 'OUT', 'LAN', NULL, NULL, NULL, '2026-01-02 17:09:00'),
(27, 8, 'IN', 'LAN', NULL, NULL, NULL, '2026-01-02 07:53:00'),
(28, 8, 'OUT', 'LAN', NULL, NULL, NULL, '2026-01-02 17:07:00'),
(35, 1, 'IN', 'LAN', NULL, NULL, NULL, '2026-01-03 08:26:00'),
(36, 1, 'OUT', 'LAN', NULL, NULL, NULL, '2026-01-03 17:00:00'),
(43, 5, 'IN', 'LAN', NULL, NULL, NULL, '2026-01-03 07:56:00'),
(44, 5, 'OUT', 'LAN', NULL, NULL, NULL, '2026-01-03 17:03:00'),
(45, 6, 'IN', 'LAN', NULL, NULL, NULL, '2026-01-03 07:56:00'),
(46, 6, 'OUT', 'LAN', NULL, NULL, NULL, '2026-01-03 17:02:00'),
(47, 7, 'IN', 'LAN', NULL, NULL, NULL, '2026-01-03 07:51:00'),
(48, 7, 'OUT', 'LAN', NULL, NULL, NULL, '2026-01-03 17:08:00'),
(49, 8, 'IN', 'LAN', NULL, NULL, NULL, '2026-01-03 08:44:00'),
(50, 8, 'OUT', 'LAN', NULL, NULL, NULL, '2026-01-03 17:06:00'),
(57, 1, 'IN', 'LAN', NULL, NULL, NULL, '2026-01-05 07:58:00'),
(58, 1, 'OUT', 'LAN', NULL, NULL, NULL, '2026-01-05 18:06:00'),
(65, 5, 'IN', 'LAN', NULL, NULL, NULL, '2026-01-05 07:49:00'),
(66, 5, 'OUT', 'LAN', NULL, NULL, NULL, '2026-01-05 18:57:00'),
(67, 6, 'IN', 'LAN', NULL, NULL, NULL, '2026-01-05 07:47:00'),
(68, 6, 'OUT', 'LAN', NULL, NULL, NULL, '2026-01-05 17:01:00'),
(69, 8, 'IN', 'LAN', NULL, NULL, NULL, '2026-01-05 08:38:00'),
(70, 8, 'OUT', 'LAN', NULL, NULL, NULL, '2026-01-05 17:00:00'),
(77, 1, 'IN', 'LAN', NULL, NULL, NULL, '2026-01-06 07:48:00'),
(78, 1, 'OUT', 'LAN', NULL, NULL, NULL, '2026-01-06 17:01:00'),
(85, 5, 'IN', 'LAN', NULL, NULL, NULL, '2026-01-06 08:52:00'),
(86, 5, 'OUT', 'LAN', NULL, NULL, NULL, '2026-01-06 17:00:00'),
(87, 6, 'IN', 'LAN', NULL, NULL, NULL, '2026-01-06 07:45:00'),
(88, 6, 'OUT', 'LAN', NULL, NULL, NULL, '2026-01-06 17:08:00'),
(89, 7, 'IN', 'LAN', NULL, NULL, NULL, '2026-01-06 07:52:00'),
(90, 7, 'OUT', 'LAN', NULL, NULL, NULL, '2026-01-06 17:09:00'),
(91, 8, 'IN', 'LAN', NULL, NULL, NULL, '2026-01-06 08:52:00'),
(92, 8, 'OUT', 'LAN', NULL, NULL, NULL, '2026-01-06 17:38:00'),
(97, 1, 'IN', 'LAN', NULL, NULL, NULL, '2026-01-07 07:58:00'),
(98, 1, 'OUT', 'LAN', NULL, NULL, NULL, '2026-01-07 17:00:00'),
(105, 6, 'IN', 'LAN', NULL, NULL, NULL, '2026-01-07 07:56:00'),
(106, 6, 'OUT', 'LAN', NULL, NULL, NULL, '2026-01-07 17:01:00'),
(107, 7, 'IN', 'LAN', NULL, NULL, NULL, '2026-01-07 07:57:00'),
(108, 7, 'OUT', 'LAN', NULL, NULL, NULL, '2026-01-07 17:04:00'),
(109, 8, 'IN', 'LAN', NULL, NULL, NULL, '2026-01-07 08:29:00'),
(110, 8, 'OUT', 'LAN', NULL, NULL, NULL, '2026-01-07 17:02:00'),
(117, 1, 'IN', 'LAN', NULL, NULL, NULL, '2026-01-08 08:21:00'),
(118, 1, 'OUT', 'LAN', NULL, NULL, NULL, '2026-01-08 17:06:00'),
(123, 5, 'IN', 'LAN', NULL, NULL, NULL, '2026-01-08 07:50:00'),
(124, 5, 'OUT', 'LAN', NULL, NULL, NULL, '2026-01-08 17:07:00'),
(125, 6, 'IN', 'LAN', NULL, NULL, NULL, '2026-01-08 08:17:00'),
(126, 6, 'OUT', 'LAN', NULL, NULL, NULL, '2026-01-08 17:33:00'),
(127, 7, 'IN', 'LAN', NULL, NULL, NULL, '2026-01-08 09:00:00'),
(128, 7, 'OUT', 'LAN', NULL, NULL, NULL, '2026-01-08 17:58:00'),
(129, 8, 'IN', 'LAN', NULL, NULL, NULL, '2026-01-08 07:59:00'),
(130, 8, 'OUT', 'LAN', NULL, NULL, NULL, '2026-01-08 17:07:00'),
(137, 1, 'IN', 'LAN', NULL, NULL, NULL, '2026-01-09 08:45:00'),
(138, 1, 'OUT', 'LAN', NULL, NULL, NULL, '2026-01-09 17:08:00'),
(145, 5, 'IN', 'LAN', NULL, NULL, NULL, '2026-01-09 07:50:00'),
(146, 5, 'OUT', 'LAN', NULL, NULL, NULL, '2026-01-09 17:04:00'),
(147, 6, 'IN', 'LAN', NULL, NULL, NULL, '2026-01-09 07:51:00'),
(148, 6, 'OUT', 'LAN', NULL, NULL, NULL, '2026-01-09 18:31:00'),
(149, 7, 'IN', 'LAN', NULL, NULL, NULL, '2026-01-09 08:38:00'),
(150, 7, 'OUT', 'LAN', NULL, NULL, NULL, '2026-01-09 17:53:00'),
(151, 8, 'IN', 'LAN', NULL, NULL, NULL, '2026-01-09 07:51:00'),
(152, 8, 'OUT', 'LAN', NULL, NULL, NULL, '2026-01-09 17:10:00'),
(157, 1, 'IN', 'LAN', NULL, NULL, NULL, '2026-01-10 07:53:00'),
(158, 1, 'OUT', 'LAN', NULL, NULL, NULL, '2026-01-10 17:06:00'),
(165, 5, 'IN', 'LAN', NULL, NULL, NULL, '2026-01-10 08:47:00'),
(166, 5, 'OUT', 'LAN', NULL, NULL, NULL, '2026-01-10 17:10:00'),
(167, 6, 'IN', 'LAN', NULL, NULL, NULL, '2026-01-10 08:38:00'),
(168, 6, 'OUT', 'LAN', NULL, NULL, NULL, '2026-01-10 17:10:00'),
(169, 7, 'IN', 'LAN', NULL, NULL, NULL, '2026-01-10 08:00:00'),
(170, 7, 'OUT', 'LAN', NULL, NULL, NULL, '2026-01-10 17:08:00'),
(171, 8, 'IN', 'LAN', NULL, NULL, NULL, '2026-01-10 08:03:00'),
(172, 8, 'OUT', 'LAN', NULL, NULL, NULL, '2026-01-10 17:02:00'),
(179, 1, 'IN', 'LAN', NULL, NULL, NULL, '2026-01-12 07:56:00'),
(180, 1, 'OUT', 'LAN', NULL, NULL, NULL, '2026-01-12 17:37:00'),
(185, 5, 'IN', 'LAN', NULL, NULL, NULL, '2026-01-12 07:56:00'),
(186, 5, 'OUT', 'LAN', NULL, NULL, NULL, '2026-01-12 17:02:00'),
(187, 6, 'IN', 'LAN', NULL, NULL, NULL, '2026-01-12 08:36:00'),
(188, 6, 'OUT', 'LAN', NULL, NULL, NULL, '2026-01-12 17:10:00'),
(189, 7, 'IN', 'LAN', NULL, NULL, NULL, '2026-01-12 07:55:00'),
(190, 7, 'OUT', 'LAN', NULL, NULL, NULL, '2026-01-12 18:21:00'),
(191, 8, 'IN', 'LAN', NULL, NULL, NULL, '2026-01-12 07:59:00'),
(192, 8, 'OUT', 'LAN', NULL, NULL, NULL, '2026-01-12 17:06:00'),
(199, 1, 'IN', 'LAN', NULL, NULL, NULL, '2026-01-13 08:07:00'),
(200, 1, 'OUT', 'LAN', NULL, NULL, NULL, '2026-01-13 17:04:00'),
(207, 5, 'IN', 'LAN', NULL, NULL, NULL, '2026-01-13 07:48:00'),
(208, 5, 'OUT', 'LAN', NULL, NULL, NULL, '2026-01-13 17:07:00'),
(209, 6, 'IN', 'LAN', NULL, NULL, NULL, '2026-01-13 07:48:00'),
(210, 6, 'OUT', 'LAN', NULL, NULL, NULL, '2026-01-13 17:00:00'),
(211, 7, 'IN', 'LAN', NULL, NULL, NULL, '2026-01-13 07:51:00'),
(212, 7, 'OUT', 'LAN', NULL, NULL, NULL, '2026-01-13 18:32:00'),
(213, 8, 'IN', 'LAN', NULL, NULL, NULL, '2026-01-13 08:49:00'),
(214, 8, 'OUT', 'LAN', NULL, NULL, NULL, '2026-01-13 17:07:00'),
(219, 1, 'IN', 'LAN', NULL, NULL, NULL, '2026-01-14 08:09:00'),
(220, 1, 'OUT', 'LAN', NULL, NULL, NULL, '2026-01-14 17:03:00'),
(227, 5, 'IN', 'LAN', NULL, NULL, NULL, '2026-01-14 08:17:00'),
(228, 5, 'OUT', 'LAN', NULL, NULL, NULL, '2026-01-14 17:05:00'),
(229, 6, 'IN', 'LAN', NULL, NULL, NULL, '2026-01-14 07:56:00'),
(230, 6, 'OUT', 'LAN', NULL, NULL, NULL, '2026-01-14 18:19:00'),
(231, 7, 'IN', 'LAN', NULL, NULL, NULL, '2026-01-14 07:53:00'),
(232, 7, 'OUT', 'LAN', NULL, NULL, NULL, '2026-01-14 17:09:00'),
(233, 8, 'IN', 'LAN', NULL, NULL, NULL, '2026-01-14 08:00:00'),
(234, 8, 'OUT', 'LAN', NULL, NULL, NULL, '2026-01-14 18:31:00'),
(241, 1, 'IN', 'LAN', NULL, NULL, NULL, '2026-01-15 08:08:00'),
(242, 1, 'OUT', 'LAN', NULL, NULL, NULL, '2026-01-15 17:02:00'),
(249, 5, 'IN', 'LAN', NULL, NULL, NULL, '2026-01-15 07:54:00'),
(250, 5, 'OUT', 'LAN', NULL, NULL, NULL, '2026-01-15 17:01:00'),
(251, 6, 'IN', 'LAN', NULL, NULL, NULL, '2026-01-15 07:51:00'),
(252, 6, 'OUT', 'LAN', NULL, NULL, NULL, '2026-01-15 18:17:00'),
(253, 7, 'IN', 'LAN', NULL, NULL, NULL, '2026-01-15 07:53:00'),
(254, 7, 'OUT', 'LAN', NULL, NULL, NULL, '2026-01-15 17:03:00'),
(255, 8, 'IN', 'LAN', NULL, NULL, NULL, '2026-01-15 07:46:00'),
(256, 8, 'OUT', 'LAN', NULL, NULL, NULL, '2026-01-15 17:06:00'),
(261, 1, 'IN', 'LAN', NULL, NULL, NULL, '2026-01-16 07:52:00'),
(262, 1, 'OUT', 'LAN', NULL, NULL, NULL, '2026-01-16 17:35:00'),
(269, 5, 'IN', 'LAN', NULL, NULL, NULL, '2026-01-16 07:46:00'),
(270, 5, 'OUT', 'LAN', NULL, NULL, NULL, '2026-01-16 17:08:00'),
(271, 6, 'IN', 'LAN', NULL, NULL, NULL, '2026-01-16 07:57:00'),
(272, 6, 'OUT', 'LAN', NULL, NULL, NULL, '2026-01-16 17:09:00'),
(273, 7, 'IN', 'LAN', NULL, NULL, NULL, '2026-01-16 07:49:00'),
(274, 7, 'OUT', 'LAN', NULL, NULL, NULL, '2026-01-16 17:03:00'),
(275, 8, 'IN', 'LAN', NULL, NULL, NULL, '2026-01-16 08:51:00'),
(276, 8, 'OUT', 'LAN', NULL, NULL, NULL, '2026-01-16 17:08:00'),
(283, 1, 'IN', 'LAN', NULL, NULL, NULL, '2026-01-17 07:58:00'),
(284, 1, 'OUT', 'LAN', NULL, NULL, NULL, '2026-01-17 17:00:00'),
(289, 5, 'IN', 'LAN', NULL, NULL, NULL, '2026-01-17 07:49:00'),
(290, 5, 'OUT', 'LAN', NULL, NULL, NULL, '2026-01-17 17:00:00'),
(291, 6, 'IN', 'LAN', NULL, NULL, NULL, '2026-01-17 08:18:00'),
(292, 6, 'OUT', 'LAN', NULL, NULL, NULL, '2026-01-17 17:04:00'),
(293, 7, 'IN', 'LAN', NULL, NULL, NULL, '2026-01-17 08:00:00'),
(294, 7, 'OUT', 'LAN', NULL, NULL, NULL, '2026-01-17 17:01:00'),
(295, 8, 'IN', 'LAN', NULL, NULL, NULL, '2026-01-17 08:36:00'),
(296, 8, 'OUT', 'LAN', NULL, NULL, NULL, '2026-01-17 17:07:00'),
(303, 1, 'IN', 'LAN', NULL, NULL, NULL, '2026-01-19 08:13:00'),
(304, 1, 'OUT', 'LAN', NULL, NULL, NULL, '2026-01-19 17:03:00'),
(311, 5, 'IN', 'LAN', NULL, NULL, NULL, '2026-01-19 07:55:00'),
(312, 5, 'OUT', 'LAN', NULL, NULL, NULL, '2026-01-19 18:29:00'),
(313, 6, 'IN', 'LAN', NULL, NULL, NULL, '2026-01-19 07:49:00'),
(314, 6, 'OUT', 'LAN', NULL, NULL, NULL, '2026-01-19 17:01:00'),
(315, 7, 'IN', 'LAN', NULL, NULL, NULL, '2026-01-19 07:45:00'),
(316, 7, 'OUT', 'LAN', NULL, NULL, NULL, '2026-01-19 17:05:00'),
(317, 8, 'IN', 'LAN', NULL, NULL, NULL, '2026-01-19 07:56:00'),
(318, 8, 'OUT', 'LAN', NULL, NULL, NULL, '2026-01-19 17:07:00'),
(323, 1, 'IN', 'LAN', NULL, NULL, NULL, '2026-01-20 07:51:00'),
(324, 1, 'OUT', 'LAN', NULL, NULL, NULL, '2026-01-20 17:00:00'),
(331, 5, 'IN', 'LAN', NULL, NULL, NULL, '2026-01-20 08:41:00'),
(332, 5, 'OUT', 'LAN', NULL, NULL, NULL, '2026-01-20 17:00:00'),
(333, 6, 'IN', 'LAN', NULL, NULL, NULL, '2026-01-20 07:45:00'),
(334, 6, 'OUT', 'LAN', NULL, NULL, NULL, '2026-01-20 18:12:00'),
(335, 7, 'IN', 'LAN', NULL, NULL, NULL, '2026-01-20 07:48:00'),
(336, 7, 'OUT', 'LAN', NULL, NULL, NULL, '2026-01-20 17:58:00'),
(343, 1, 'IN', 'LAN', NULL, NULL, NULL, '2026-01-21 07:46:00'),
(344, 1, 'OUT', 'LAN', NULL, NULL, NULL, '2026-01-21 17:02:00'),
(349, 6, 'IN', 'LAN', NULL, NULL, NULL, '2026-01-21 07:47:00'),
(350, 6, 'OUT', 'LAN', NULL, NULL, NULL, '2026-01-21 18:22:00'),
(351, 7, 'IN', 'LAN', NULL, NULL, NULL, '2026-01-21 08:00:00'),
(352, 7, 'OUT', 'LAN', NULL, NULL, NULL, '2026-01-21 17:05:00'),
(353, 8, 'IN', 'LAN', NULL, NULL, NULL, '2026-01-21 08:52:00'),
(354, 8, 'OUT', 'LAN', NULL, NULL, NULL, '2026-01-21 17:10:00'),
(365, 5, 'IN', 'LAN', NULL, NULL, NULL, '2026-01-22 07:51:00'),
(366, 5, 'OUT', 'LAN', NULL, NULL, NULL, '2026-01-22 17:01:00'),
(367, 6, 'IN', 'LAN', NULL, NULL, NULL, '2026-01-22 08:52:00'),
(368, 6, 'OUT', 'LAN', NULL, NULL, NULL, '2026-01-22 17:00:00'),
(369, 7, 'IN', 'LAN', NULL, NULL, NULL, '2026-01-22 07:46:00'),
(370, 7, 'OUT', 'LAN', NULL, NULL, NULL, '2026-01-22 17:00:00'),
(371, 8, 'IN', 'LAN', NULL, NULL, NULL, '2026-01-22 07:49:00'),
(372, 8, 'OUT', 'LAN', NULL, NULL, NULL, '2026-01-22 17:07:00'),
(377, 1, 'IN', 'LAN', NULL, NULL, NULL, '2026-01-23 08:03:00'),
(378, 1, 'OUT', 'LAN', NULL, NULL, NULL, '2026-01-23 17:10:00'),
(385, 5, 'IN', 'LAN', NULL, NULL, NULL, '2026-01-23 08:55:00'),
(386, 5, 'OUT', 'LAN', NULL, NULL, NULL, '2026-01-23 17:00:00'),
(387, 6, 'IN', 'LAN', NULL, NULL, NULL, '2026-01-23 07:57:00'),
(388, 6, 'OUT', 'LAN', NULL, NULL, NULL, '2026-01-23 17:05:00'),
(389, 7, 'IN', 'LAN', NULL, NULL, NULL, '2026-01-23 07:47:00'),
(390, 7, 'OUT', 'LAN', NULL, NULL, NULL, '2026-01-23 17:09:00'),
(391, 8, 'IN', 'LAN', NULL, NULL, NULL, '2026-01-23 08:37:00'),
(392, 8, 'OUT', 'LAN', NULL, NULL, NULL, '2026-01-23 17:07:00'),
(399, 1, 'IN', 'LAN', NULL, NULL, NULL, '2026-01-24 08:16:00'),
(400, 1, 'OUT', 'LAN', NULL, NULL, NULL, '2026-01-24 17:06:00'),
(407, 5, 'IN', 'LAN', NULL, NULL, NULL, '2026-01-24 07:50:00'),
(408, 5, 'OUT', 'LAN', NULL, NULL, NULL, '2026-01-24 17:02:00'),
(409, 6, 'IN', 'LAN', NULL, NULL, NULL, '2026-01-24 07:53:00'),
(410, 6, 'OUT', 'LAN', NULL, NULL, NULL, '2026-01-24 17:48:00'),
(411, 7, 'IN', 'LAN', NULL, NULL, NULL, '2026-01-24 07:55:00'),
(412, 7, 'OUT', 'LAN', NULL, NULL, NULL, '2026-01-24 17:07:00'),
(413, 8, 'IN', 'LAN', NULL, NULL, NULL, '2026-01-24 08:43:00'),
(414, 8, 'OUT', 'LAN', NULL, NULL, NULL, '2026-01-24 17:00:00'),
(419, 1, 'IN', 'LAN', NULL, NULL, NULL, '2026-01-26 07:50:00'),
(420, 1, 'OUT', 'LAN', NULL, NULL, NULL, '2026-01-26 17:02:00'),
(427, 5, 'IN', 'LAN', NULL, NULL, NULL, '2026-01-26 07:50:00'),
(428, 5, 'OUT', 'LAN', NULL, NULL, NULL, '2026-01-26 17:07:00'),
(429, 6, 'IN', 'LAN', NULL, NULL, NULL, '2026-01-26 07:50:00'),
(430, 6, 'OUT', 'LAN', NULL, NULL, NULL, '2026-01-26 17:07:00'),
(431, 7, 'IN', 'LAN', NULL, NULL, NULL, '2026-01-26 07:59:00'),
(432, 7, 'OUT', 'LAN', NULL, NULL, NULL, '2026-01-26 17:06:00'),
(433, 8, 'IN', 'LAN', NULL, NULL, NULL, '2026-01-26 07:48:00'),
(434, 8, 'OUT', 'LAN', NULL, NULL, NULL, '2026-01-26 17:05:00'),
(441, 1, 'IN', 'LAN', NULL, NULL, NULL, '2026-01-27 08:39:00'),
(442, 1, 'OUT', 'LAN', NULL, NULL, NULL, '2026-01-27 17:00:00'),
(449, 5, 'IN', 'LAN', NULL, NULL, NULL, '2026-01-27 07:59:00'),
(450, 5, 'OUT', 'LAN', NULL, NULL, NULL, '2026-01-27 18:12:00'),
(451, 6, 'IN', 'LAN', NULL, NULL, NULL, '2026-01-27 07:46:00'),
(452, 6, 'OUT', 'LAN', NULL, NULL, NULL, '2026-01-27 17:00:00'),
(453, 7, 'IN', 'LAN', NULL, NULL, NULL, '2026-01-27 08:00:00'),
(454, 7, 'OUT', 'LAN', NULL, NULL, NULL, '2026-01-27 17:41:00'),
(461, 1, 'IN', 'LAN', NULL, NULL, NULL, '2026-01-28 08:00:00'),
(462, 1, 'OUT', 'LAN', NULL, NULL, NULL, '2026-01-28 18:32:00'),
(467, 5, 'IN', 'LAN', NULL, NULL, NULL, '2026-01-28 07:56:00'),
(468, 5, 'OUT', 'LAN', NULL, NULL, NULL, '2026-01-28 17:07:00'),
(469, 6, 'IN', 'LAN', NULL, NULL, NULL, '2026-01-28 08:55:00'),
(470, 6, 'OUT', 'LAN', NULL, NULL, NULL, '2026-01-28 18:35:00'),
(471, 7, 'IN', 'LAN', NULL, NULL, NULL, '2026-01-28 08:11:00'),
(472, 7, 'OUT', 'LAN', NULL, NULL, NULL, '2026-01-28 17:04:00'),
(473, 8, 'IN', 'LAN', NULL, NULL, NULL, '2026-01-28 07:53:00'),
(474, 8, 'OUT', 'LAN', NULL, NULL, NULL, '2026-01-28 17:07:00'),
(479, 1, 'IN', 'LAN', NULL, NULL, NULL, '2026-01-29 07:57:00'),
(480, 1, 'OUT', 'LAN', NULL, NULL, NULL, '2026-01-29 18:53:00'),
(487, 5, 'IN', 'LAN', NULL, NULL, NULL, '2026-01-29 08:16:00'),
(488, 5, 'OUT', 'LAN', NULL, NULL, NULL, '2026-01-29 17:01:00'),
(489, 6, 'IN', 'LAN', NULL, NULL, NULL, '2026-01-29 07:46:00'),
(490, 6, 'OUT', 'LAN', NULL, NULL, NULL, '2026-01-29 18:30:00'),
(491, 7, 'IN', 'LAN', NULL, NULL, NULL, '2026-01-29 08:28:00'),
(492, 7, 'OUT', 'LAN', NULL, NULL, NULL, '2026-01-29 17:05:00'),
(493, 8, 'IN', 'LAN', NULL, NULL, NULL, '2026-01-29 07:59:00'),
(494, 8, 'OUT', 'LAN', NULL, NULL, NULL, '2026-01-29 17:08:00'),
(499, 1, 'IN', 'LAN', NULL, NULL, NULL, '2026-01-30 07:49:00'),
(500, 1, 'OUT', 'LAN', NULL, NULL, NULL, '2026-01-30 17:04:00'),
(507, 6, 'IN', 'LAN', NULL, NULL, NULL, '2026-01-30 07:46:00'),
(508, 6, 'OUT', 'LAN', NULL, NULL, NULL, '2026-01-30 17:10:00'),
(509, 7, 'IN', 'LAN', NULL, NULL, NULL, '2026-01-30 07:49:00'),
(510, 7, 'OUT', 'LAN', NULL, NULL, NULL, '2026-01-30 17:02:00'),
(511, 8, 'IN', 'LAN', NULL, NULL, NULL, '2026-01-30 07:55:00'),
(512, 8, 'OUT', 'LAN', NULL, NULL, NULL, '2026-01-30 17:01:00'),
(519, 1, 'IN', 'LAN', NULL, NULL, NULL, '2026-01-31 08:10:00'),
(520, 1, 'OUT', 'LAN', NULL, NULL, NULL, '2026-01-31 17:07:00'),
(525, 5, 'IN', 'LAN', NULL, NULL, NULL, '2026-01-31 07:48:00'),
(526, 5, 'OUT', 'LAN', NULL, NULL, NULL, '2026-01-31 17:07:00'),
(527, 6, 'IN', 'LAN', NULL, NULL, NULL, '2026-01-31 07:49:00'),
(528, 6, 'OUT', 'LAN', NULL, NULL, NULL, '2026-01-31 17:10:00'),
(529, 7, 'IN', 'LAN', NULL, NULL, NULL, '2026-01-31 08:41:00'),
(530, 7, 'OUT', 'LAN', NULL, NULL, NULL, '2026-01-31 17:10:00'),
(531, 8, 'IN', 'LAN', NULL, NULL, NULL, '2026-01-31 07:47:00'),
(532, 8, 'OUT', 'LAN', NULL, NULL, NULL, '2026-01-31 18:37:00'),
(539, 1, 'IN', 'LAN', NULL, NULL, NULL, '2026-02-02 07:45:00'),
(540, 1, 'OUT', 'LAN', NULL, NULL, NULL, '2026-02-02 17:00:00'),
(547, 5, 'IN', 'LAN', NULL, NULL, NULL, '2026-02-02 07:50:00'),
(548, 5, 'OUT', 'LAN', NULL, NULL, NULL, '2026-02-02 17:10:00'),
(549, 6, 'IN', 'LAN', NULL, NULL, NULL, '2026-02-02 07:56:00'),
(550, 6, 'OUT', 'LAN', NULL, NULL, NULL, '2026-02-02 17:05:00'),
(551, 7, 'IN', 'LAN', NULL, NULL, NULL, '2026-02-02 08:56:00'),
(552, 7, 'OUT', 'LAN', NULL, NULL, NULL, '2026-02-02 17:10:00'),
(553, 8, 'IN', 'LAN', NULL, NULL, NULL, '2026-02-02 07:59:00'),
(554, 8, 'OUT', 'LAN', NULL, NULL, NULL, '2026-02-02 17:05:00'),
(565, 5, 'IN', 'LAN', NULL, NULL, NULL, '2026-02-03 08:44:00'),
(566, 5, 'OUT', 'LAN', NULL, NULL, NULL, '2026-02-03 17:08:00'),
(567, 6, 'IN', 'LAN', NULL, NULL, NULL, '2026-02-03 07:57:00'),
(568, 6, 'OUT', 'LAN', NULL, NULL, NULL, '2026-02-03 17:05:00'),
(569, 7, 'IN', 'LAN', NULL, NULL, NULL, '2026-02-03 08:03:00'),
(570, 7, 'OUT', 'LAN', NULL, NULL, NULL, '2026-02-03 17:09:00'),
(571, 8, 'IN', 'LAN', NULL, NULL, NULL, '2026-02-03 07:55:00'),
(572, 8, 'OUT', 'LAN', NULL, NULL, NULL, '2026-02-03 17:04:00'),
(579, 1, 'IN', 'LAN', NULL, NULL, NULL, '2026-02-04 07:56:00'),
(580, 1, 'OUT', 'LAN', NULL, NULL, NULL, '2026-02-04 17:10:00'),
(587, 5, 'IN', 'LAN', NULL, NULL, NULL, '2026-02-04 07:47:00'),
(588, 5, 'OUT', 'LAN', NULL, NULL, NULL, '2026-02-04 17:04:00'),
(589, 6, 'IN', 'LAN', NULL, NULL, NULL, '2026-02-04 07:52:00'),
(590, 6, 'OUT', 'LAN', NULL, NULL, NULL, '2026-02-04 17:01:00'),
(591, 7, 'IN', 'LAN', NULL, NULL, NULL, '2026-02-04 08:45:00'),
(592, 7, 'OUT', 'LAN', NULL, NULL, NULL, '2026-02-04 17:01:00'),
(593, 8, 'IN', 'LAN', NULL, NULL, NULL, '2026-02-04 07:56:00'),
(594, 8, 'OUT', 'LAN', NULL, NULL, NULL, '2026-02-04 17:01:00'),
(601, 1, 'IN', 'LAN', NULL, NULL, NULL, '2026-02-05 07:52:00'),
(602, 1, 'OUT', 'LAN', NULL, NULL, NULL, '2026-02-05 17:06:00'),
(609, 5, 'IN', 'LAN', NULL, NULL, NULL, '2026-02-05 07:56:00'),
(610, 5, 'OUT', 'LAN', NULL, NULL, NULL, '2026-02-05 18:17:00'),
(611, 6, 'IN', 'LAN', NULL, NULL, NULL, '2026-02-05 08:51:00'),
(612, 6, 'OUT', 'LAN', NULL, NULL, NULL, '2026-02-05 17:03:00'),
(613, 7, 'IN', 'LAN', NULL, NULL, NULL, '2026-02-05 07:45:00'),
(614, 7, 'OUT', 'LAN', NULL, NULL, NULL, '2026-02-05 17:06:00'),
(615, 8, 'IN', 'LAN', NULL, NULL, NULL, '2026-02-05 08:08:00'),
(616, 8, 'OUT', 'LAN', NULL, NULL, NULL, '2026-02-05 17:01:00'),
(623, 1, 'IN', 'LAN', NULL, NULL, NULL, '2026-02-06 07:58:00'),
(624, 1, 'OUT', 'LAN', NULL, NULL, NULL, '2026-02-06 17:09:00'),
(629, 5, 'IN', 'LAN', NULL, NULL, NULL, '2026-02-06 07:45:00'),
(630, 5, 'OUT', 'LAN', NULL, NULL, NULL, '2026-02-06 17:04:00'),
(631, 6, 'IN', 'LAN', NULL, NULL, NULL, '2026-02-06 07:58:00'),
(632, 6, 'OUT', 'LAN', NULL, NULL, NULL, '2026-02-06 17:04:00'),
(633, 7, 'IN', 'LAN', NULL, NULL, NULL, '2026-02-06 07:52:00'),
(634, 7, 'OUT', 'LAN', NULL, NULL, NULL, '2026-02-06 17:05:00'),
(635, 8, 'IN', 'LAN', NULL, NULL, NULL, '2026-02-06 08:00:00'),
(636, 8, 'OUT', 'LAN', NULL, NULL, NULL, '2026-02-06 17:50:00'),
(643, 1, 'IN', 'LAN', NULL, NULL, NULL, '2026-02-07 07:45:00'),
(644, 1, 'OUT', 'LAN', NULL, NULL, NULL, '2026-02-07 17:02:00'),
(651, 5, 'IN', 'LAN', NULL, NULL, NULL, '2026-02-07 08:17:00'),
(652, 5, 'OUT', 'LAN', NULL, NULL, NULL, '2026-02-07 18:26:00'),
(653, 6, 'IN', 'LAN', NULL, NULL, NULL, '2026-02-07 07:56:00'),
(654, 6, 'OUT', 'LAN', NULL, NULL, NULL, '2026-02-07 17:39:00'),
(655, 7, 'IN', 'LAN', NULL, NULL, NULL, '2026-02-07 07:56:00'),
(656, 7, 'OUT', 'LAN', NULL, NULL, NULL, '2026-02-07 17:00:00'),
(657, 8, 'IN', 'LAN', NULL, NULL, NULL, '2026-02-07 07:45:00'),
(658, 8, 'OUT', 'LAN', NULL, NULL, NULL, '2026-02-07 18:10:00'),
(665, 1, 'IN', 'LAN', NULL, NULL, NULL, '2026-02-09 08:00:00'),
(666, 1, 'OUT', 'LAN', NULL, NULL, NULL, '2026-02-09 17:08:00'),
(673, 5, 'IN', 'LAN', NULL, NULL, NULL, '2026-02-09 07:59:00'),
(674, 5, 'OUT', 'LAN', NULL, NULL, NULL, '2026-02-09 17:08:00'),
(675, 6, 'IN', 'LAN', NULL, NULL, NULL, '2026-02-09 08:42:00'),
(676, 6, 'OUT', 'LAN', NULL, NULL, NULL, '2026-02-09 17:08:00'),
(677, 7, 'IN', 'LAN', NULL, NULL, NULL, '2026-02-09 08:36:00'),
(678, 7, 'OUT', 'LAN', NULL, NULL, NULL, '2026-02-09 17:05:00'),
(679, 8, 'IN', 'LAN', NULL, NULL, NULL, '2026-02-09 07:49:00'),
(680, 8, 'OUT', 'LAN', NULL, NULL, NULL, '2026-02-09 17:03:00'),
(681, 1, 'IN', 'LAN', NULL, NULL, NULL, '2026-02-10 08:10:00'),
(682, 1, 'OUT', 'LAN', NULL, NULL, NULL, '2026-02-10 18:59:00'),
(687, 5, 'IN', 'LAN', NULL, NULL, NULL, '2026-02-10 07:56:00'),
(688, 5, 'OUT', 'LAN', NULL, NULL, NULL, '2026-02-10 18:00:00'),
(689, 6, 'IN', 'LAN', NULL, NULL, NULL, '2026-02-10 08:49:00'),
(690, 6, 'OUT', 'LAN', NULL, NULL, NULL, '2026-02-10 17:06:00'),
(691, 7, 'IN', 'LAN', NULL, NULL, NULL, '2026-02-10 08:30:00'),
(692, 7, 'OUT', 'LAN', NULL, NULL, NULL, '2026-02-10 17:08:00'),
(693, 8, 'IN', 'LAN', NULL, NULL, NULL, '2026-02-10 08:36:00'),
(694, 8, 'OUT', 'LAN', NULL, NULL, NULL, '2026-02-10 17:55:00'),
(697, 1, 'IN', 'LAN', NULL, NULL, NULL, '2026-02-11 08:22:00'),
(698, 1, 'OUT', 'LAN', NULL, NULL, NULL, '2026-02-11 17:09:00'),
(705, 5, 'IN', 'LAN', NULL, NULL, NULL, '2026-02-11 07:59:00'),
(706, 5, 'OUT', 'LAN', NULL, NULL, NULL, '2026-02-11 17:09:00'),
(707, 6, 'IN', 'LAN', NULL, NULL, NULL, '2026-02-11 07:49:00'),
(708, 6, 'OUT', 'LAN', NULL, NULL, NULL, '2026-02-11 19:00:00'),
(709, 7, 'IN', 'LAN', NULL, NULL, NULL, '2026-02-11 07:57:00'),
(710, 7, 'OUT', 'LAN', NULL, NULL, NULL, '2026-02-11 17:08:00'),
(711, 8, 'IN', 'LAN', NULL, NULL, NULL, '2026-02-11 07:50:00'),
(712, 8, 'OUT', 'LAN', NULL, NULL, NULL, '2026-02-11 18:20:00'),
(725, 5, 'IN', 'LAN', NULL, NULL, NULL, '2026-02-12 07:56:00'),
(726, 5, 'OUT', 'LAN', NULL, NULL, NULL, '2026-02-12 17:03:00'),
(727, 6, 'IN', 'LAN', NULL, NULL, NULL, '2026-02-12 07:50:00'),
(728, 6, 'OUT', 'LAN', NULL, NULL, NULL, '2026-02-12 17:07:00'),
(729, 7, 'IN', 'LAN', NULL, NULL, NULL, '2026-02-12 07:50:00'),
(730, 7, 'OUT', 'LAN', NULL, NULL, NULL, '2026-02-12 17:10:00'),
(737, 1, 'IN', 'LAN', NULL, NULL, NULL, '2026-02-13 07:56:00'),
(738, 1, 'OUT', 'LAN', NULL, NULL, NULL, '2026-02-13 17:08:00'),
(743, 5, 'IN', 'LAN', NULL, NULL, NULL, '2026-02-13 07:45:00'),
(744, 5, 'OUT', 'LAN', NULL, NULL, NULL, '2026-02-13 17:00:00'),
(745, 6, 'IN', 'LAN', NULL, NULL, NULL, '2026-02-13 07:57:00'),
(746, 6, 'OUT', 'LAN', NULL, NULL, NULL, '2026-02-13 17:04:00'),
(747, 7, 'IN', 'LAN', NULL, NULL, NULL, '2026-02-13 07:52:00'),
(748, 7, 'OUT', 'LAN', NULL, NULL, NULL, '2026-02-13 17:02:00'),
(749, 8, 'IN', 'LAN', NULL, NULL, NULL, '2026-02-13 07:47:00'),
(750, 8, 'OUT', 'LAN', NULL, NULL, NULL, '2026-02-13 17:44:00'),
(757, 1, 'IN', 'LAN', NULL, NULL, NULL, '2026-02-14 07:54:00'),
(758, 1, 'OUT', 'LAN', NULL, NULL, NULL, '2026-02-14 17:06:00'),
(765, 6, 'IN', 'LAN', NULL, NULL, NULL, '2026-02-14 07:47:00'),
(766, 6, 'OUT', 'LAN', NULL, NULL, NULL, '2026-02-14 17:03:00'),
(767, 7, 'IN', 'LAN', NULL, NULL, NULL, '2026-02-14 07:57:00'),
(768, 7, 'OUT', 'LAN', NULL, NULL, NULL, '2026-02-14 17:05:00'),
(769, 8, 'IN', 'LAN', NULL, NULL, NULL, '2026-02-14 07:46:00'),
(770, 8, 'OUT', 'LAN', NULL, NULL, NULL, '2026-02-14 17:10:00'),
(777, 1, 'IN', 'LAN', NULL, NULL, NULL, '2026-02-16 07:58:00'),
(778, 1, 'OUT', 'LAN', NULL, NULL, NULL, '2026-02-16 17:03:00'),
(785, 5, 'IN', 'LAN', NULL, NULL, NULL, '2026-02-16 07:57:00'),
(786, 5, 'OUT', 'LAN', NULL, NULL, NULL, '2026-02-16 17:06:00'),
(787, 6, 'IN', 'LAN', NULL, NULL, NULL, '2026-02-16 08:10:00'),
(788, 6, 'OUT', 'LAN', NULL, NULL, NULL, '2026-02-16 17:58:00'),
(789, 7, 'IN', 'LAN', NULL, NULL, NULL, '2026-02-16 07:58:00'),
(790, 7, 'OUT', 'LAN', NULL, NULL, NULL, '2026-02-16 17:08:00'),
(791, 8, 'IN', 'LAN', NULL, NULL, NULL, '2026-02-16 08:23:00'),
(792, 8, 'OUT', 'LAN', NULL, NULL, NULL, '2026-02-16 17:00:00');
INSERT INTO `attendance_logs` (`id`, `maND`, `action`, `method`, `wifi_name`, `device_info`, `note`, `created_at`) VALUES
(803, 5, 'IN', 'LAN', NULL, NULL, NULL, '2026-02-17 07:56:00'),
(804, 5, 'OUT', 'LAN', NULL, NULL, NULL, '2026-02-17 17:10:00'),
(805, 6, 'IN', 'LAN', NULL, NULL, NULL, '2026-02-17 07:50:00'),
(806, 6, 'OUT', 'LAN', NULL, NULL, NULL, '2026-02-17 17:02:00'),
(807, 8, 'IN', 'LAN', NULL, NULL, NULL, '2026-02-17 07:54:00'),
(808, 8, 'OUT', 'LAN', NULL, NULL, NULL, '2026-02-17 17:07:00'),
(815, 1, 'IN', 'LAN', NULL, NULL, NULL, '2026-02-18 07:45:00'),
(816, 1, 'OUT', 'LAN', NULL, NULL, NULL, '2026-02-18 17:06:00'),
(823, 5, 'IN', 'LAN', NULL, NULL, NULL, '2026-02-18 07:55:00'),
(824, 5, 'OUT', 'LAN', NULL, NULL, NULL, '2026-02-18 17:00:00'),
(825, 6, 'IN', 'LAN', NULL, NULL, NULL, '2026-02-18 08:40:00'),
(826, 6, 'OUT', 'LAN', NULL, NULL, NULL, '2026-02-18 17:04:00'),
(827, 7, 'IN', 'LAN', NULL, NULL, NULL, '2026-02-18 07:52:00'),
(828, 7, 'OUT', 'LAN', NULL, NULL, NULL, '2026-02-18 17:07:00'),
(829, 8, 'IN', 'LAN', NULL, NULL, NULL, '2026-02-18 07:52:00'),
(830, 8, 'OUT', 'LAN', NULL, NULL, NULL, '2026-02-18 17:05:00'),
(843, 5, 'IN', 'LAN', NULL, NULL, NULL, '2026-02-19 07:50:00'),
(844, 5, 'OUT', 'LAN', NULL, NULL, NULL, '2026-02-19 17:07:00'),
(845, 8, 'IN', 'LAN', NULL, NULL, NULL, '2026-02-19 07:57:00'),
(846, 8, 'OUT', 'LAN', NULL, NULL, NULL, '2026-02-19 17:08:00'),
(853, 1, 'IN', 'LAN', NULL, NULL, NULL, '2026-02-20 07:56:00'),
(854, 1, 'OUT', 'LAN', NULL, NULL, NULL, '2026-02-20 17:04:00'),
(859, 5, 'IN', 'LAN', NULL, NULL, NULL, '2026-02-20 07:47:00'),
(860, 5, 'OUT', 'LAN', NULL, NULL, NULL, '2026-02-20 17:05:00'),
(861, 6, 'IN', 'LAN', NULL, NULL, NULL, '2026-02-20 08:46:00'),
(862, 6, 'OUT', 'LAN', NULL, NULL, NULL, '2026-02-20 17:02:00'),
(863, 7, 'IN', 'LAN', NULL, NULL, NULL, '2026-02-20 08:52:00'),
(864, 7, 'OUT', 'LAN', NULL, NULL, NULL, '2026-02-20 17:00:00'),
(871, 1, 'IN', 'LAN', NULL, NULL, NULL, '2026-02-21 07:49:00'),
(872, 1, 'OUT', 'LAN', NULL, NULL, NULL, '2026-02-21 18:22:00'),
(877, 5, 'IN', 'LAN', NULL, NULL, NULL, '2026-02-21 07:52:00'),
(878, 5, 'OUT', 'LAN', NULL, NULL, NULL, '2026-02-21 17:10:00'),
(879, 6, 'IN', 'LAN', NULL, NULL, NULL, '2026-02-21 08:21:00'),
(880, 6, 'OUT', 'LAN', NULL, NULL, NULL, '2026-02-21 17:01:00'),
(881, 7, 'IN', 'LAN', NULL, NULL, NULL, '2026-02-21 07:45:00'),
(882, 7, 'OUT', 'LAN', NULL, NULL, NULL, '2026-02-21 17:05:00'),
(883, 8, 'IN', 'LAN', NULL, NULL, NULL, '2026-02-21 07:58:00'),
(884, 8, 'OUT', 'LAN', NULL, NULL, NULL, '2026-02-21 17:10:00'),
(889, 1, 'IN', 'LAN', NULL, NULL, NULL, '2026-02-23 07:58:00'),
(890, 1, 'OUT', 'LAN', NULL, NULL, NULL, '2026-02-23 17:00:00'),
(897, 5, 'IN', 'LAN', NULL, NULL, NULL, '2026-02-23 07:49:00'),
(898, 5, 'OUT', 'LAN', NULL, NULL, NULL, '2026-02-23 17:10:00'),
(899, 6, 'IN', 'LAN', NULL, NULL, NULL, '2026-02-23 07:51:00'),
(900, 6, 'OUT', 'LAN', NULL, NULL, NULL, '2026-02-23 17:07:00'),
(901, 7, 'IN', 'LAN', NULL, NULL, NULL, '2026-02-23 08:24:00'),
(902, 7, 'OUT', 'LAN', NULL, NULL, NULL, '2026-02-23 17:07:00'),
(903, 8, 'IN', 'LAN', NULL, NULL, NULL, '2026-02-23 07:47:00'),
(904, 8, 'OUT', 'LAN', NULL, NULL, NULL, '2026-02-23 18:21:00'),
(911, 1, 'IN', 'LAN', NULL, NULL, NULL, '2026-02-24 07:54:00'),
(912, 1, 'OUT', 'LAN', NULL, NULL, NULL, '2026-02-24 17:04:00'),
(919, 5, 'IN', 'LAN', NULL, NULL, NULL, '2026-02-24 07:51:00'),
(920, 5, 'OUT', 'LAN', NULL, NULL, NULL, '2026-02-24 17:05:00'),
(921, 6, 'IN', 'LAN', NULL, NULL, NULL, '2026-02-24 07:58:00'),
(922, 6, 'OUT', 'LAN', NULL, NULL, NULL, '2026-02-24 17:34:00'),
(923, 7, 'IN', 'LAN', NULL, NULL, NULL, '2026-02-24 08:43:00'),
(924, 7, 'OUT', 'LAN', NULL, NULL, NULL, '2026-02-24 17:02:00'),
(925, 8, 'IN', 'LAN', NULL, NULL, NULL, '2026-02-24 08:45:00'),
(926, 8, 'OUT', 'LAN', NULL, NULL, NULL, '2026-02-24 17:00:00'),
(933, 1, 'IN', 'LAN', NULL, NULL, NULL, '2026-02-25 08:44:00'),
(934, 1, 'OUT', 'LAN', NULL, NULL, NULL, '2026-02-25 17:08:00'),
(941, 5, 'IN', 'LAN', NULL, NULL, NULL, '2026-02-25 07:48:00'),
(942, 5, 'OUT', 'LAN', NULL, NULL, NULL, '2026-02-25 17:10:00'),
(943, 6, 'IN', 'LAN', NULL, NULL, NULL, '2026-02-25 07:50:00'),
(944, 6, 'OUT', 'LAN', NULL, NULL, NULL, '2026-02-25 17:03:00'),
(945, 7, 'IN', 'LAN', NULL, NULL, NULL, '2026-02-25 07:47:00'),
(946, 7, 'OUT', 'LAN', NULL, NULL, NULL, '2026-02-25 17:03:00'),
(951, 1, 'IN', 'LAN', NULL, NULL, NULL, '2026-02-26 07:46:00'),
(952, 1, 'OUT', 'LAN', NULL, NULL, NULL, '2026-02-26 17:04:00'),
(959, 6, 'IN', 'LAN', NULL, NULL, NULL, '2026-02-26 07:45:00'),
(960, 6, 'OUT', 'LAN', NULL, NULL, NULL, '2026-02-26 17:02:00'),
(961, 8, 'IN', 'LAN', NULL, NULL, NULL, '2026-02-26 07:46:00'),
(962, 8, 'OUT', 'LAN', NULL, NULL, NULL, '2026-02-26 17:43:00'),
(969, 1, 'IN', 'LAN', NULL, NULL, NULL, '2026-02-27 07:57:00'),
(970, 1, 'OUT', 'LAN', NULL, NULL, NULL, '2026-02-27 17:07:00'),
(977, 5, 'IN', 'LAN', NULL, NULL, NULL, '2026-02-27 08:40:00'),
(978, 5, 'OUT', 'LAN', NULL, NULL, NULL, '2026-02-27 17:06:00'),
(979, 6, 'IN', 'LAN', NULL, NULL, NULL, '2026-02-27 08:00:00'),
(980, 6, 'OUT', 'LAN', NULL, NULL, NULL, '2026-02-27 18:01:00'),
(981, 7, 'IN', 'LAN', NULL, NULL, NULL, '2026-02-27 08:43:00'),
(982, 7, 'OUT', 'LAN', NULL, NULL, NULL, '2026-02-27 17:01:00'),
(983, 8, 'IN', 'LAN', NULL, NULL, NULL, '2026-02-27 07:45:00'),
(984, 8, 'OUT', 'LAN', NULL, NULL, NULL, '2026-02-27 17:06:00'),
(991, 1, 'IN', 'LAN', NULL, NULL, NULL, '2026-02-28 08:48:00'),
(992, 1, 'OUT', 'LAN', NULL, NULL, NULL, '2026-02-28 17:07:00'),
(997, 5, 'IN', 'LAN', NULL, NULL, NULL, '2026-02-28 07:47:00'),
(998, 5, 'OUT', 'LAN', NULL, NULL, NULL, '2026-02-28 17:07:00'),
(999, 6, 'IN', 'LAN', NULL, NULL, NULL, '2026-02-28 07:59:00'),
(1000, 6, 'OUT', 'LAN', NULL, NULL, NULL, '2026-02-28 18:19:00'),
(1001, 7, 'IN', 'LAN', NULL, NULL, NULL, '2026-02-28 07:51:00'),
(1002, 7, 'OUT', 'LAN', NULL, NULL, NULL, '2026-02-28 18:10:00'),
(1003, 8, 'IN', 'LAN', NULL, NULL, NULL, '2026-02-28 07:54:00'),
(1004, 8, 'OUT', 'LAN', NULL, NULL, NULL, '2026-02-28 17:00:00'),
(1009, 1, 'IN', 'LAN', NULL, NULL, NULL, '2026-03-02 08:20:00'),
(1010, 1, 'OUT', 'LAN', NULL, NULL, NULL, '2026-03-02 17:07:00'),
(1017, 5, 'IN', 'LAN', NULL, NULL, NULL, '2026-03-02 08:17:00'),
(1018, 5, 'OUT', 'LAN', NULL, NULL, NULL, '2026-03-02 18:32:00'),
(1019, 6, 'IN', 'LAN', NULL, NULL, NULL, '2026-03-02 07:57:00'),
(1020, 6, 'OUT', 'LAN', NULL, NULL, NULL, '2026-03-02 17:00:00'),
(1021, 7, 'IN', 'LAN', NULL, NULL, NULL, '2026-03-02 07:51:00'),
(1022, 7, 'OUT', 'LAN', NULL, NULL, NULL, '2026-03-02 17:08:00'),
(1023, 8, 'IN', 'LAN', NULL, NULL, NULL, '2026-03-02 07:47:00'),
(1024, 8, 'OUT', 'LAN', NULL, NULL, NULL, '2026-03-02 18:28:00'),
(1031, 1, 'IN', 'LAN', NULL, NULL, NULL, '2026-03-03 07:59:00'),
(1032, 1, 'OUT', 'LAN', NULL, NULL, NULL, '2026-03-03 17:06:00'),
(1037, 5, 'IN', 'LAN', NULL, NULL, NULL, '2026-03-03 08:00:00'),
(1038, 5, 'OUT', 'LAN', NULL, NULL, NULL, '2026-03-03 17:06:00'),
(1039, 6, 'IN', 'LAN', NULL, NULL, NULL, '2026-03-03 08:16:00'),
(1040, 6, 'OUT', 'LAN', NULL, NULL, NULL, '2026-03-03 18:34:00'),
(1041, 7, 'IN', 'LAN', NULL, NULL, NULL, '2026-03-03 07:48:00'),
(1042, 7, 'OUT', 'LAN', NULL, NULL, NULL, '2026-03-03 17:04:00'),
(1043, 8, 'IN', 'LAN', NULL, NULL, NULL, '2026-03-03 08:05:00'),
(1044, 8, 'OUT', 'LAN', NULL, NULL, NULL, '2026-03-03 17:10:00'),
(1051, 1, 'IN', 'LAN', NULL, NULL, NULL, '2026-03-04 07:46:00'),
(1052, 1, 'OUT', 'LAN', NULL, NULL, NULL, '2026-03-04 17:06:00'),
(1059, 6, 'IN', 'LAN', NULL, NULL, NULL, '2026-03-04 07:52:00'),
(1060, 6, 'OUT', 'LAN', NULL, NULL, NULL, '2026-03-04 17:09:00'),
(1061, 7, 'IN', 'LAN', NULL, NULL, NULL, '2026-03-04 07:49:00'),
(1062, 7, 'OUT', 'LAN', NULL, NULL, NULL, '2026-03-04 17:00:00'),
(1063, 8, 'IN', 'LAN', NULL, NULL, NULL, '2026-03-04 08:24:00'),
(1064, 8, 'OUT', 'LAN', NULL, NULL, NULL, '2026-03-04 17:01:00'),
(1069, 1, 'IN', 'LAN', NULL, NULL, NULL, '2026-03-05 08:00:00'),
(1070, 1, 'OUT', 'LAN', NULL, NULL, NULL, '2026-03-05 17:00:00'),
(1077, 5, 'IN', 'LAN', NULL, NULL, NULL, '2026-03-05 07:57:00'),
(1078, 5, 'OUT', 'LAN', NULL, NULL, NULL, '2026-03-05 17:10:00'),
(1079, 6, 'IN', 'LAN', NULL, NULL, NULL, '2026-03-05 07:57:00'),
(1080, 6, 'OUT', 'LAN', NULL, NULL, NULL, '2026-03-05 17:58:00'),
(1081, 7, 'IN', 'LAN', NULL, NULL, NULL, '2026-03-05 07:50:00'),
(1082, 7, 'OUT', 'LAN', NULL, NULL, NULL, '2026-03-05 17:01:00'),
(1083, 8, 'IN', 'LAN', NULL, NULL, NULL, '2026-03-05 07:53:00'),
(1084, 8, 'OUT', 'LAN', NULL, NULL, NULL, '2026-03-05 17:05:00'),
(1091, 1, 'IN', 'LAN', NULL, NULL, NULL, '2026-03-06 07:46:00'),
(1092, 1, 'OUT', 'LAN', NULL, NULL, NULL, '2026-03-06 17:07:00'),
(1097, 5, 'IN', 'LAN', NULL, NULL, NULL, '2026-03-06 07:53:00'),
(1098, 5, 'OUT', 'LAN', NULL, NULL, NULL, '2026-03-06 17:04:00'),
(1099, 6, 'IN', 'LAN', NULL, NULL, NULL, '2026-03-06 07:51:00'),
(1100, 6, 'OUT', 'LAN', NULL, NULL, NULL, '2026-03-06 18:05:00'),
(1101, 7, 'IN', 'LAN', NULL, NULL, NULL, '2026-03-06 07:54:00'),
(1102, 7, 'OUT', 'LAN', NULL, NULL, NULL, '2026-03-06 17:10:00'),
(1103, 8, 'IN', 'LAN', NULL, NULL, NULL, '2026-03-06 07:46:00'),
(1104, 8, 'OUT', 'LAN', NULL, NULL, NULL, '2026-03-06 17:03:00'),
(1111, 1, 'IN', 'LAN', NULL, NULL, NULL, '2026-03-07 07:52:00'),
(1112, 1, 'OUT', 'LAN', NULL, NULL, NULL, '2026-03-07 17:01:00'),
(1117, 5, 'IN', 'LAN', NULL, NULL, NULL, '2026-03-07 08:00:00'),
(1118, 5, 'OUT', 'LAN', NULL, NULL, NULL, '2026-03-07 18:53:00'),
(1119, 6, 'IN', 'LAN', NULL, NULL, NULL, '2026-03-07 07:46:00'),
(1120, 6, 'OUT', 'LAN', NULL, NULL, NULL, '2026-03-07 17:02:00'),
(1121, 7, 'IN', 'LAN', NULL, NULL, NULL, '2026-03-07 07:50:00'),
(1122, 7, 'OUT', 'LAN', NULL, NULL, NULL, '2026-03-07 17:04:00'),
(1123, 8, 'IN', 'LAN', NULL, NULL, NULL, '2026-03-07 07:49:00'),
(1124, 8, 'OUT', 'LAN', NULL, NULL, NULL, '2026-03-07 17:02:00'),
(1131, 1, 'IN', 'LAN', NULL, NULL, NULL, '2026-03-09 07:56:00'),
(1132, 1, 'OUT', 'LAN', NULL, NULL, NULL, '2026-03-09 18:36:00'),
(1139, 5, 'IN', 'LAN', NULL, NULL, NULL, '2026-03-09 07:52:00'),
(1140, 5, 'OUT', 'LAN', NULL, NULL, NULL, '2026-03-09 17:07:00'),
(1141, 7, 'IN', 'LAN', NULL, NULL, NULL, '2026-03-09 07:52:00'),
(1142, 7, 'OUT', 'LAN', NULL, NULL, NULL, '2026-03-09 17:01:00'),
(1143, 8, 'IN', 'LAN', NULL, NULL, NULL, '2026-03-09 07:51:00'),
(1144, 8, 'OUT', 'LAN', NULL, NULL, NULL, '2026-03-09 17:05:00'),
(1151, 1, 'IN', 'LAN', NULL, NULL, NULL, '2026-03-10 07:50:00'),
(1152, 1, 'OUT', 'LAN', NULL, NULL, NULL, '2026-03-10 17:06:00'),
(1159, 5, 'IN', 'LAN', NULL, NULL, NULL, '2026-03-10 07:51:00'),
(1160, 5, 'OUT', 'LAN', NULL, NULL, NULL, '2026-03-10 17:05:00'),
(1161, 6, 'IN', 'LAN', NULL, NULL, NULL, '2026-03-10 08:26:00'),
(1162, 6, 'OUT', 'LAN', NULL, NULL, NULL, '2026-03-10 17:07:00'),
(1163, 7, 'IN', 'LAN', NULL, NULL, NULL, '2026-03-10 07:51:00'),
(1164, 7, 'OUT', 'LAN', NULL, NULL, NULL, '2026-03-10 17:08:00'),
(1165, 8, 'IN', 'LAN', NULL, NULL, NULL, '2026-03-10 07:54:00'),
(1166, 8, 'OUT', 'LAN', NULL, NULL, NULL, '2026-03-10 17:05:00'),
(1179, 5, 'IN', 'LAN', NULL, NULL, NULL, '2026-03-11 08:25:00'),
(1180, 5, 'OUT', 'LAN', NULL, NULL, NULL, '2026-03-11 17:09:00'),
(1181, 6, 'IN', 'LAN', NULL, NULL, NULL, '2026-03-11 07:53:00'),
(1182, 6, 'OUT', 'LAN', NULL, NULL, NULL, '2026-03-11 18:24:00'),
(1183, 7, 'IN', 'LAN', NULL, NULL, NULL, '2026-03-11 08:23:00'),
(1184, 7, 'OUT', 'LAN', NULL, NULL, NULL, '2026-03-11 17:03:00'),
(1185, 8, 'IN', 'LAN', NULL, NULL, NULL, '2026-03-11 07:52:00'),
(1186, 8, 'OUT', 'LAN', NULL, NULL, NULL, '2026-03-11 17:09:00'),
(1191, 1, 'IN', 'LAN', NULL, NULL, NULL, '2026-03-12 07:50:00'),
(1192, 1, 'OUT', 'LAN', NULL, NULL, NULL, '2026-03-12 17:02:00'),
(1197, 5, 'IN', 'LAN', NULL, NULL, NULL, '2026-03-12 08:00:00'),
(1198, 5, 'OUT', 'LAN', NULL, NULL, NULL, '2026-03-12 17:02:00'),
(1199, 6, 'IN', 'LAN', NULL, NULL, NULL, '2026-03-12 07:57:00'),
(1200, 6, 'OUT', 'LAN', NULL, NULL, NULL, '2026-03-12 18:51:00'),
(1201, 7, 'IN', 'LAN', NULL, NULL, NULL, '2026-03-12 07:55:00'),
(1202, 7, 'OUT', 'LAN', NULL, NULL, NULL, '2026-03-12 17:10:00'),
(1203, 8, 'IN', 'LAN', NULL, NULL, NULL, '2026-03-12 07:53:00'),
(1204, 8, 'OUT', 'LAN', NULL, NULL, NULL, '2026-03-12 17:05:00'),
(1211, 1, 'IN', 'LAN', NULL, NULL, NULL, '2026-03-13 07:45:00'),
(1212, 1, 'OUT', 'LAN', NULL, NULL, NULL, '2026-03-13 17:08:00'),
(1217, 5, 'IN', 'LAN', NULL, NULL, NULL, '2026-03-13 07:57:00'),
(1218, 5, 'OUT', 'LAN', NULL, NULL, NULL, '2026-03-13 18:24:00'),
(1219, 6, 'IN', 'LAN', NULL, NULL, NULL, '2026-03-13 08:15:00'),
(1220, 6, 'OUT', 'LAN', NULL, NULL, NULL, '2026-03-13 17:42:00'),
(1221, 7, 'IN', 'LAN', NULL, NULL, NULL, '2026-03-13 07:58:00'),
(1222, 7, 'OUT', 'LAN', NULL, NULL, NULL, '2026-03-13 17:01:00'),
(1227, 1, 'IN', 'LAN', NULL, NULL, NULL, '2026-03-14 07:56:00'),
(1228, 1, 'OUT', 'LAN', NULL, NULL, NULL, '2026-03-14 17:03:00'),
(1235, 5, 'IN', 'LAN', NULL, NULL, NULL, '2026-03-14 07:56:00'),
(1236, 5, 'OUT', 'LAN', NULL, NULL, NULL, '2026-03-14 17:02:00'),
(1237, 6, 'IN', 'LAN', NULL, NULL, NULL, '2026-03-14 07:48:00'),
(1238, 6, 'OUT', 'LAN', NULL, NULL, NULL, '2026-03-14 17:08:00'),
(1239, 8, 'IN', 'LAN', NULL, NULL, NULL, '2026-03-14 08:31:00'),
(1240, 8, 'OUT', 'LAN', NULL, NULL, NULL, '2026-03-14 17:08:00'),
(1247, 1, 'IN', 'LAN', NULL, NULL, NULL, '2026-03-16 08:05:00'),
(1248, 1, 'OUT', 'LAN', NULL, NULL, NULL, '2026-03-16 17:49:00'),
(1253, 6, 'IN', 'LAN', NULL, NULL, NULL, '2026-03-16 07:53:00'),
(1254, 6, 'OUT', 'LAN', NULL, NULL, NULL, '2026-03-16 17:03:00'),
(1255, 7, 'IN', 'LAN', NULL, NULL, NULL, '2026-03-16 07:51:00'),
(1256, 7, 'OUT', 'LAN', NULL, NULL, NULL, '2026-03-16 17:04:00'),
(1257, 8, 'IN', 'LAN', NULL, NULL, NULL, '2026-03-16 07:49:00'),
(1258, 8, 'OUT', 'LAN', NULL, NULL, NULL, '2026-03-16 17:10:00'),
(1265, 1, 'IN', 'LAN', NULL, NULL, NULL, '2026-03-17 07:50:00'),
(1266, 1, 'OUT', 'LAN', NULL, NULL, NULL, '2026-03-17 17:51:00'),
(1273, 5, 'IN', 'LAN', NULL, NULL, NULL, '2026-03-17 07:54:00'),
(1274, 5, 'OUT', 'LAN', NULL, NULL, NULL, '2026-03-17 17:08:00'),
(1275, 6, 'IN', 'LAN', NULL, NULL, NULL, '2026-03-17 08:23:00'),
(1276, 6, 'OUT', 'LAN', NULL, NULL, NULL, '2026-03-17 17:10:00'),
(1277, 7, 'IN', 'LAN', NULL, NULL, NULL, '2026-03-17 07:53:00'),
(1278, 7, 'OUT', 'LAN', NULL, NULL, NULL, '2026-03-17 17:08:00'),
(1285, 1, 'IN', 'LAN', NULL, NULL, NULL, '2026-03-18 08:35:00'),
(1286, 1, 'OUT', 'LAN', NULL, NULL, NULL, '2026-03-18 17:10:00'),
(1293, 5, 'IN', 'LAN', NULL, NULL, NULL, '2026-03-18 07:57:00'),
(1294, 5, 'OUT', 'LAN', NULL, NULL, NULL, '2026-03-18 17:05:00'),
(1295, 6, 'IN', 'LAN', NULL, NULL, NULL, '2026-03-18 07:46:00'),
(1296, 6, 'OUT', 'LAN', NULL, NULL, NULL, '2026-03-18 17:04:00'),
(1297, 7, 'IN', 'LAN', NULL, NULL, NULL, '2026-03-18 08:11:00'),
(1298, 7, 'OUT', 'LAN', NULL, NULL, NULL, '2026-03-18 18:45:00'),
(1299, 8, 'IN', 'LAN', NULL, NULL, NULL, '2026-03-18 08:25:00'),
(1300, 8, 'OUT', 'LAN', NULL, NULL, NULL, '2026-03-18 17:05:00'),
(1305, 1, 'IN', 'LAN', NULL, NULL, NULL, '2026-03-19 07:56:00'),
(1306, 1, 'OUT', 'LAN', NULL, NULL, NULL, '2026-03-19 17:10:00'),
(1313, 5, 'IN', 'LAN', NULL, NULL, NULL, '2026-03-19 07:46:00'),
(1314, 5, 'OUT', 'LAN', NULL, NULL, NULL, '2026-03-19 17:01:00'),
(1315, 6, 'IN', 'LAN', NULL, NULL, NULL, '2026-03-19 08:04:00'),
(1316, 6, 'OUT', 'LAN', NULL, NULL, NULL, '2026-03-19 17:04:00'),
(1317, 7, 'IN', 'LAN', NULL, NULL, NULL, '2026-03-19 08:22:00'),
(1318, 7, 'OUT', 'LAN', NULL, NULL, NULL, '2026-03-19 18:57:00'),
(1319, 8, 'IN', 'LAN', NULL, NULL, NULL, '2026-03-19 07:57:00'),
(1320, 8, 'OUT', 'LAN', NULL, NULL, NULL, '2026-03-19 17:03:00'),
(1327, 1, 'IN', 'LAN', NULL, NULL, NULL, '2026-03-20 07:54:00'),
(1328, 1, 'OUT', 'LAN', NULL, NULL, NULL, '2026-03-20 17:09:00'),
(1335, 5, 'IN', 'LAN', NULL, NULL, NULL, '2026-03-20 07:51:00'),
(1336, 5, 'OUT', 'LAN', NULL, NULL, NULL, '2026-03-20 17:04:00'),
(1337, 7, 'IN', 'LAN', NULL, NULL, NULL, '2026-03-20 08:06:00'),
(1338, 7, 'OUT', 'LAN', NULL, NULL, NULL, '2026-03-20 17:01:00'),
(1339, 8, 'IN', 'LAN', NULL, NULL, NULL, '2026-03-20 07:45:00'),
(1340, 8, 'OUT', 'LAN', NULL, NULL, NULL, '2026-03-20 17:10:00'),
(1347, 1, 'IN', 'LAN', NULL, NULL, NULL, '2026-03-21 07:55:00'),
(1348, 1, 'OUT', 'LAN', NULL, NULL, NULL, '2026-03-21 17:00:00'),
(1355, 5, 'IN', 'LAN', NULL, NULL, NULL, '2026-03-21 07:47:00'),
(1356, 5, 'OUT', 'LAN', NULL, NULL, NULL, '2026-03-21 17:09:00'),
(1357, 6, 'IN', 'LAN', NULL, NULL, NULL, '2026-03-21 07:47:00'),
(1358, 6, 'OUT', 'LAN', NULL, NULL, NULL, '2026-03-21 17:06:00'),
(1359, 8, 'IN', 'LAN', NULL, NULL, NULL, '2026-03-21 07:59:00'),
(1360, 8, 'OUT', 'LAN', NULL, NULL, NULL, '2026-03-21 17:09:00'),
(1367, 1, 'IN', 'LAN', NULL, NULL, NULL, '2026-03-23 08:39:00'),
(1368, 1, 'OUT', 'LAN', NULL, NULL, NULL, '2026-03-23 18:13:00'),
(1375, 5, 'IN', 'LAN', NULL, NULL, NULL, '2026-03-23 08:28:00'),
(1376, 5, 'OUT', 'LAN', NULL, NULL, NULL, '2026-03-23 17:08:00'),
(1377, 6, 'IN', 'LAN', NULL, NULL, NULL, '2026-03-23 08:00:00'),
(1378, 6, 'OUT', 'LAN', NULL, NULL, NULL, '2026-03-23 18:56:00'),
(1379, 7, 'IN', 'LAN', NULL, NULL, NULL, '2026-03-23 07:50:00'),
(1380, 7, 'OUT', 'LAN', NULL, NULL, NULL, '2026-03-23 18:57:00'),
(1381, 8, 'IN', 'LAN', NULL, NULL, NULL, '2026-03-23 07:53:00'),
(1382, 8, 'OUT', 'LAN', NULL, NULL, NULL, '2026-03-23 18:42:00'),
(1389, 1, 'IN', 'LAN', NULL, NULL, NULL, '2026-03-24 07:52:00'),
(1390, 1, 'OUT', 'LAN', NULL, NULL, NULL, '2026-03-24 17:06:00'),
(1397, 7, 'IN', 'LAN', NULL, NULL, NULL, '2026-03-24 08:57:00'),
(1398, 7, 'OUT', 'LAN', NULL, NULL, NULL, '2026-03-24 17:05:00'),
(1399, 8, 'IN', 'LAN', NULL, NULL, NULL, '2026-03-24 08:14:00'),
(1400, 8, 'OUT', 'LAN', NULL, NULL, NULL, '2026-03-24 17:00:00'),
(1407, 1, 'IN', 'LAN', NULL, NULL, NULL, '2026-03-25 08:19:00'),
(1408, 1, 'OUT', 'LAN', NULL, NULL, NULL, '2026-03-25 17:09:00'),
(1415, 5, 'IN', 'LAN', NULL, NULL, NULL, '2026-03-25 07:46:00'),
(1416, 5, 'OUT', 'LAN', NULL, NULL, NULL, '2026-03-25 17:09:00'),
(1417, 6, 'IN', 'LAN', NULL, NULL, NULL, '2026-03-25 07:45:00'),
(1418, 6, 'OUT', 'LAN', NULL, NULL, NULL, '2026-03-25 18:28:00'),
(1423, 1, 'IN', 'LAN', NULL, NULL, NULL, '2026-03-26 07:46:00'),
(1424, 1, 'OUT', 'LAN', NULL, NULL, NULL, '2026-03-26 17:04:00'),
(1431, 5, 'IN', 'LAN', NULL, NULL, NULL, '2026-03-26 08:05:00'),
(1432, 5, 'OUT', 'LAN', NULL, NULL, NULL, '2026-03-26 17:00:00'),
(1433, 6, 'IN', 'LAN', NULL, NULL, NULL, '2026-03-26 07:46:00'),
(1434, 6, 'OUT', 'LAN', NULL, NULL, NULL, '2026-03-26 17:05:00'),
(1435, 7, 'IN', 'LAN', NULL, NULL, NULL, '2026-03-26 07:52:00'),
(1436, 7, 'OUT', 'LAN', NULL, NULL, NULL, '2026-03-26 17:03:00'),
(1437, 8, 'IN', 'LAN', NULL, NULL, NULL, '2026-03-26 07:48:00'),
(1438, 8, 'OUT', 'LAN', NULL, NULL, NULL, '2026-03-26 17:03:00'),
(1445, 1, 'IN', 'LAN', NULL, NULL, NULL, '2026-03-27 08:00:00'),
(1446, 1, 'OUT', 'LAN', NULL, NULL, NULL, '2026-03-27 17:09:00'),
(1453, 5, 'IN', 'LAN', NULL, NULL, NULL, '2026-03-27 07:46:00'),
(1454, 5, 'OUT', 'LAN', NULL, NULL, NULL, '2026-03-27 17:07:00'),
(1455, 6, 'IN', 'LAN', NULL, NULL, NULL, '2026-03-27 07:46:00'),
(1456, 6, 'OUT', 'LAN', NULL, NULL, NULL, '2026-03-27 17:07:00'),
(1457, 7, 'IN', 'LAN', NULL, NULL, NULL, '2026-03-27 07:59:00'),
(1458, 7, 'OUT', 'LAN', NULL, NULL, NULL, '2026-03-27 17:01:00'),
(1465, 1, 'IN', 'LAN', NULL, NULL, NULL, '2026-03-28 07:56:00'),
(1466, 1, 'OUT', 'LAN', NULL, NULL, NULL, '2026-03-28 17:38:00'),
(1473, 5, 'IN', 'LAN', NULL, NULL, NULL, '2026-03-28 07:49:00'),
(1474, 5, 'OUT', 'LAN', NULL, NULL, NULL, '2026-03-28 17:42:00'),
(1475, 6, 'IN', 'LAN', NULL, NULL, NULL, '2026-03-28 07:52:00'),
(1476, 6, 'OUT', 'LAN', NULL, NULL, NULL, '2026-03-28 17:01:00'),
(1477, 7, 'IN', 'LAN', NULL, NULL, NULL, '2026-03-28 07:51:00'),
(1478, 7, 'OUT', 'LAN', NULL, NULL, NULL, '2026-03-28 17:08:00'),
(1479, 8, 'IN', 'LAN', NULL, NULL, NULL, '2026-03-28 07:49:00'),
(1480, 8, 'OUT', 'LAN', NULL, NULL, NULL, '2026-03-28 17:00:00'),
(1487, 1, 'IN', 'LAN', NULL, NULL, NULL, '2026-03-30 08:43:00'),
(1488, 1, 'OUT', 'LAN', NULL, NULL, NULL, '2026-03-30 17:09:00'),
(1495, 5, 'IN', 'LAN', NULL, NULL, NULL, '2026-03-30 07:49:00'),
(1496, 5, 'OUT', 'LAN', NULL, NULL, NULL, '2026-03-30 17:09:00'),
(1497, 6, 'IN', 'LAN', NULL, NULL, NULL, '2026-03-30 08:42:00'),
(1498, 6, 'OUT', 'LAN', NULL, NULL, NULL, '2026-03-30 17:10:00'),
(1499, 7, 'IN', 'LAN', NULL, NULL, NULL, '2026-03-30 09:00:00'),
(1500, 7, 'OUT', 'LAN', NULL, NULL, NULL, '2026-03-30 17:05:00'),
(1501, 8, 'IN', 'LAN', NULL, NULL, NULL, '2026-03-30 07:54:00'),
(1502, 8, 'OUT', 'LAN', NULL, NULL, NULL, '2026-03-30 17:08:00'),
(1509, 1, 'IN', 'LAN', NULL, NULL, NULL, '2026-03-31 08:24:00'),
(1510, 1, 'OUT', 'LAN', NULL, NULL, NULL, '2026-03-31 17:02:00'),
(1515, 6, 'IN', 'LAN', NULL, NULL, NULL, '2026-03-31 08:17:00'),
(1516, 6, 'OUT', 'LAN', NULL, NULL, NULL, '2026-03-31 17:06:00'),
(1517, 7, 'IN', 'LAN', NULL, NULL, NULL, '2026-03-31 07:45:00'),
(1518, 7, 'OUT', 'LAN', NULL, NULL, NULL, '2026-03-31 17:01:00'),
(1519, 8, 'IN', 'LAN', NULL, NULL, NULL, '2026-03-31 07:51:00'),
(1520, 8, 'OUT', 'LAN', NULL, NULL, NULL, '2026-03-31 17:09:00'),
(1525, 1, 'IN', 'LAN', NULL, NULL, NULL, '2026-04-01 07:45:00'),
(1526, 1, 'OUT', 'LAN', NULL, NULL, NULL, '2026-04-01 18:44:00'),
(1533, 5, 'IN', 'LAN', NULL, NULL, NULL, '2026-04-01 08:37:00'),
(1534, 5, 'OUT', 'LAN', NULL, NULL, NULL, '2026-04-01 17:04:00'),
(1535, 6, 'IN', 'LAN', NULL, NULL, NULL, '2026-04-01 07:56:00'),
(1536, 6, 'OUT', 'LAN', NULL, NULL, NULL, '2026-04-01 17:08:00'),
(1537, 7, 'IN', 'LAN', NULL, NULL, NULL, '2026-04-01 07:59:00'),
(1538, 7, 'OUT', 'LAN', NULL, NULL, NULL, '2026-04-01 17:06:00'),
(1539, 8, 'IN', 'LAN', NULL, NULL, NULL, '2026-04-01 07:45:00'),
(1540, 8, 'OUT', 'LAN', NULL, NULL, NULL, '2026-04-01 17:06:00'),
(1547, 1, 'IN', 'LAN', NULL, NULL, NULL, '2026-04-02 08:31:00'),
(1548, 1, 'OUT', 'LAN', NULL, NULL, NULL, '2026-04-02 17:48:00'),
(1555, 5, 'IN', 'LAN', NULL, NULL, NULL, '2026-04-02 07:54:00'),
(1556, 5, 'OUT', 'LAN', NULL, NULL, NULL, '2026-04-02 17:03:00'),
(1557, 6, 'IN', 'LAN', NULL, NULL, NULL, '2026-04-02 07:51:00'),
(1558, 6, 'OUT', 'LAN', NULL, NULL, NULL, '2026-04-02 17:08:00'),
(1559, 7, 'IN', 'LAN', NULL, NULL, NULL, '2026-04-02 07:56:00'),
(1560, 7, 'OUT', 'LAN', NULL, NULL, NULL, '2026-04-02 17:06:00'),
(1571, 5, 'IN', 'LAN', NULL, NULL, NULL, '2026-04-03 07:53:00'),
(1572, 5, 'OUT', 'LAN', NULL, NULL, NULL, '2026-04-03 17:08:00'),
(1573, 7, 'IN', 'LAN', NULL, NULL, NULL, '2026-04-03 08:43:00'),
(1574, 7, 'OUT', 'LAN', NULL, NULL, NULL, '2026-04-03 17:06:00'),
(1575, 8, 'IN', 'LAN', NULL, NULL, NULL, '2026-04-03 07:52:00'),
(1576, 8, 'OUT', 'LAN', NULL, NULL, NULL, '2026-04-03 17:10:00');
INSERT INTO `attendance_logs` (`id`, `maND`, `action`, `method`, `wifi_name`, `device_info`, `note`, `created_at`) VALUES
(1587, 5, 'IN', 'LAN', NULL, NULL, NULL, '2026-04-04 07:48:00'),
(1588, 5, 'OUT', 'LAN', NULL, NULL, NULL, '2026-04-04 17:07:00'),
(1589, 6, 'IN', 'LAN', NULL, NULL, NULL, '2026-04-04 07:46:00'),
(1590, 6, 'OUT', 'LAN', NULL, NULL, NULL, '2026-04-04 17:03:00'),
(1591, 7, 'IN', 'LAN', NULL, NULL, NULL, '2026-04-04 07:52:00'),
(1592, 7, 'OUT', 'LAN', NULL, NULL, NULL, '2026-04-04 17:03:00'),
(1593, 8, 'IN', 'LAN', NULL, NULL, NULL, '2026-04-04 07:53:00'),
(1594, 8, 'OUT', 'LAN', NULL, NULL, NULL, '2026-04-04 17:04:00'),
(1605, 5, 'IN', 'LAN', NULL, NULL, NULL, '2026-04-06 07:59:00'),
(1606, 5, 'OUT', 'LAN', NULL, NULL, NULL, '2026-04-06 17:09:00'),
(1607, 6, 'IN', 'LAN', NULL, NULL, NULL, '2026-04-06 07:46:00'),
(1608, 6, 'OUT', 'LAN', NULL, NULL, NULL, '2026-04-06 17:05:00'),
(1609, 7, 'IN', 'LAN', NULL, NULL, NULL, '2026-04-06 07:49:00'),
(1610, 7, 'OUT', 'LAN', NULL, NULL, NULL, '2026-04-06 17:02:00'),
(1611, 8, 'IN', 'LAN', NULL, NULL, NULL, '2026-04-06 07:52:00'),
(1612, 8, 'OUT', 'LAN', NULL, NULL, NULL, '2026-04-06 17:46:00'),
(1619, 1, 'IN', 'LAN', NULL, NULL, NULL, '2026-04-07 08:33:00'),
(1620, 1, 'OUT', 'LAN', NULL, NULL, NULL, '2026-04-07 17:02:00'),
(1627, 6, 'IN', 'LAN', NULL, NULL, NULL, '2026-04-07 07:59:00'),
(1628, 6, 'OUT', 'LAN', NULL, NULL, NULL, '2026-04-07 18:22:00'),
(1629, 7, 'IN', 'LAN', NULL, NULL, NULL, '2026-04-07 08:00:00'),
(1630, 7, 'OUT', 'LAN', NULL, NULL, NULL, '2026-04-07 17:10:00'),
(1639, 5, 'IN', 'LAN', NULL, NULL, NULL, '2026-04-08 07:50:00'),
(1640, 5, 'OUT', 'LAN', NULL, NULL, NULL, '2026-04-08 17:07:00'),
(1641, 6, 'IN', 'LAN', NULL, NULL, NULL, '2026-04-08 08:10:00'),
(1642, 6, 'OUT', 'LAN', NULL, NULL, NULL, '2026-04-08 17:04:00'),
(1643, 7, 'IN', 'LAN', NULL, NULL, NULL, '2026-04-08 07:57:00'),
(1644, 7, 'OUT', 'LAN', NULL, NULL, NULL, '2026-04-08 17:01:00'),
(1645, 8, 'IN', 'LAN', NULL, NULL, NULL, '2026-04-08 07:55:00'),
(1646, 8, 'OUT', 'LAN', NULL, NULL, NULL, '2026-04-08 17:01:00'),
(1653, 1, 'IN', 'LAN', NULL, NULL, NULL, '2026-04-09 07:54:00'),
(1654, 1, 'OUT', 'LAN', NULL, NULL, NULL, '2026-04-09 17:10:00'),
(1659, 5, 'IN', 'LAN', NULL, NULL, NULL, '2026-04-09 07:49:00'),
(1660, 5, 'OUT', 'LAN', NULL, NULL, NULL, '2026-04-09 17:09:00'),
(1661, 6, 'IN', 'LAN', NULL, NULL, NULL, '2026-04-09 07:46:00'),
(1662, 6, 'OUT', 'LAN', NULL, NULL, NULL, '2026-04-09 17:10:00'),
(1663, 7, 'IN', 'LAN', NULL, NULL, NULL, '2026-04-09 07:57:00'),
(1664, 7, 'OUT', 'LAN', NULL, NULL, NULL, '2026-04-09 17:01:00'),
(1665, 8, 'IN', 'LAN', NULL, NULL, NULL, '2026-04-09 08:15:00'),
(1666, 8, 'OUT', 'LAN', NULL, NULL, NULL, '2026-04-09 17:10:00'),
(1679, 5, 'IN', 'LAN', NULL, NULL, NULL, '2026-04-10 08:05:00'),
(1680, 5, 'OUT', 'LAN', NULL, NULL, NULL, '2026-04-10 17:01:00'),
(1681, 7, 'IN', 'LAN', NULL, NULL, NULL, '2026-04-10 08:47:00'),
(1682, 7, 'OUT', 'LAN', NULL, NULL, NULL, '2026-04-10 17:45:00'),
(1683, 8, 'IN', 'LAN', NULL, NULL, NULL, '2026-04-10 07:59:00'),
(1684, 8, 'OUT', 'LAN', NULL, NULL, NULL, '2026-04-10 17:45:00'),
(1691, 1, 'IN', 'LAN', NULL, NULL, NULL, '2026-04-11 08:00:00'),
(1692, 1, 'OUT', 'LAN', NULL, NULL, NULL, '2026-04-11 17:10:00'),
(1699, 5, 'IN', 'LAN', NULL, NULL, NULL, '2026-04-11 07:59:00'),
(1700, 5, 'OUT', 'LAN', NULL, NULL, NULL, '2026-04-11 18:32:00'),
(1701, 6, 'IN', 'LAN', NULL, NULL, NULL, '2026-04-11 07:54:00'),
(1702, 6, 'OUT', 'LAN', NULL, NULL, NULL, '2026-04-11 17:08:00'),
(1703, 7, 'IN', 'LAN', NULL, NULL, NULL, '2026-04-11 07:46:00'),
(1704, 7, 'OUT', 'LAN', NULL, NULL, NULL, '2026-04-11 17:09:00'),
(1705, 8, 'IN', 'LAN', NULL, NULL, NULL, '2026-04-11 08:01:00'),
(1706, 8, 'OUT', 'LAN', NULL, NULL, NULL, '2026-04-11 17:02:00'),
(1713, 1, 'IN', 'LAN', NULL, NULL, NULL, '2026-04-13 08:55:00'),
(1714, 1, 'OUT', 'LAN', NULL, NULL, NULL, '2026-04-13 17:07:00'),
(1721, 5, 'IN', 'LAN', NULL, NULL, NULL, '2026-04-13 07:52:00'),
(1722, 5, 'OUT', 'LAN', NULL, NULL, NULL, '2026-04-13 17:07:00'),
(1723, 6, 'IN', 'LAN', NULL, NULL, NULL, '2026-04-13 08:45:00'),
(1724, 6, 'OUT', 'LAN', NULL, NULL, NULL, '2026-04-13 17:04:00'),
(1725, 7, 'IN', 'LAN', NULL, NULL, NULL, '2026-04-13 07:53:00'),
(1726, 7, 'OUT', 'LAN', NULL, NULL, NULL, '2026-04-13 17:10:00'),
(1727, 8, 'IN', 'LAN', NULL, NULL, NULL, '2026-04-13 07:50:00'),
(1728, 8, 'OUT', 'LAN', NULL, NULL, NULL, '2026-04-13 18:00:00'),
(1735, 1, 'IN', 'LAN', NULL, NULL, NULL, '2026-04-14 07:53:00'),
(1736, 1, 'OUT', 'LAN', NULL, NULL, NULL, '2026-04-14 19:00:00'),
(1743, 5, 'IN', 'LAN', NULL, NULL, NULL, '2026-04-14 07:50:00'),
(1744, 5, 'OUT', 'LAN', NULL, NULL, NULL, '2026-04-14 18:07:00'),
(1745, 6, 'IN', 'LAN', NULL, NULL, NULL, '2026-04-14 08:33:00'),
(1746, 6, 'OUT', 'LAN', NULL, NULL, NULL, '2026-04-14 17:06:00'),
(1747, 7, 'IN', 'LAN', NULL, NULL, NULL, '2026-04-14 07:51:00'),
(1748, 7, 'OUT', 'LAN', NULL, NULL, NULL, '2026-04-14 17:05:00'),
(1749, 8, 'IN', 'LAN', NULL, NULL, NULL, '2026-04-14 08:28:00'),
(1750, 8, 'OUT', 'LAN', NULL, NULL, NULL, '2026-04-14 17:08:00'),
(1757, 1, 'IN', 'LAN', NULL, NULL, NULL, '2026-04-15 07:51:00'),
(1758, 1, 'OUT', 'LAN', NULL, NULL, NULL, '2026-04-15 17:08:00'),
(1765, 5, 'IN', 'LAN', NULL, NULL, NULL, '2026-04-15 07:59:00'),
(1766, 5, 'OUT', 'LAN', NULL, NULL, NULL, '2026-04-15 18:14:00'),
(1767, 6, 'IN', 'LAN', NULL, NULL, NULL, '2026-04-15 08:51:00'),
(1768, 6, 'OUT', 'LAN', NULL, NULL, NULL, '2026-04-15 17:04:00'),
(1769, 7, 'IN', 'LAN', NULL, NULL, NULL, '2026-04-15 07:46:00'),
(1770, 7, 'OUT', 'LAN', NULL, NULL, NULL, '2026-04-15 18:55:00'),
(1771, 8, 'IN', 'LAN', NULL, NULL, NULL, '2026-04-15 07:57:00'),
(1772, 8, 'OUT', 'LAN', NULL, NULL, NULL, '2026-04-15 17:08:00'),
(1779, 1, 'IN', 'LAN', NULL, NULL, NULL, '2026-04-16 07:55:00'),
(1780, 1, 'OUT', 'LAN', NULL, NULL, NULL, '2026-04-16 17:09:00'),
(1787, 5, 'IN', 'LAN', NULL, NULL, NULL, '2026-04-16 07:54:00'),
(1788, 5, 'OUT', 'LAN', NULL, NULL, NULL, '2026-04-16 17:01:00'),
(1789, 6, 'IN', 'LAN', NULL, NULL, NULL, '2026-04-16 07:45:00'),
(1790, 6, 'OUT', 'LAN', NULL, NULL, NULL, '2026-04-16 18:18:00'),
(1791, 7, 'IN', 'LAN', NULL, NULL, NULL, '2026-04-16 07:48:00'),
(1792, 7, 'OUT', 'LAN', NULL, NULL, NULL, '2026-04-16 17:06:00'),
(1793, 8, 'IN', 'LAN', NULL, NULL, NULL, '2026-04-16 07:52:00'),
(1794, 8, 'OUT', 'LAN', NULL, NULL, NULL, '2026-04-16 17:02:00'),
(1801, 1, 'IN', 'LAN', NULL, NULL, NULL, '2026-04-17 08:27:00'),
(1802, 1, 'OUT', 'LAN', NULL, NULL, NULL, '2026-04-17 17:02:00'),
(1809, 5, 'IN', 'LAN', NULL, NULL, NULL, '2026-04-17 07:53:00'),
(1810, 5, 'OUT', 'LAN', NULL, NULL, NULL, '2026-04-17 17:09:00'),
(1811, 6, 'IN', 'LAN', NULL, NULL, NULL, '2026-04-17 07:45:00'),
(1812, 6, 'OUT', 'LAN', NULL, NULL, NULL, '2026-04-17 17:10:00'),
(1813, 8, 'IN', 'LAN', NULL, NULL, NULL, '2026-04-17 08:49:00'),
(1814, 8, 'OUT', 'LAN', NULL, NULL, NULL, '2026-04-17 17:02:00'),
(1821, 1, 'IN', 'LAN', NULL, NULL, NULL, '2026-04-18 07:51:00'),
(1822, 1, 'OUT', 'LAN', NULL, NULL, NULL, '2026-04-18 17:06:00'),
(1825, 5, 'IN', 'LAN', NULL, NULL, NULL, '2026-04-18 07:54:00'),
(1826, 5, 'OUT', 'LAN', NULL, NULL, NULL, '2026-04-18 17:03:00'),
(1827, 6, 'IN', 'LAN', NULL, NULL, NULL, '2026-04-18 07:49:00'),
(1828, 6, 'OUT', 'LAN', NULL, NULL, NULL, '2026-04-18 17:08:00'),
(1829, 7, 'IN', 'LAN', NULL, NULL, NULL, '2026-04-18 07:46:00'),
(1830, 7, 'OUT', 'LAN', NULL, NULL, NULL, '2026-04-18 17:02:00'),
(1831, 8, 'IN', 'LAN', NULL, NULL, NULL, '2026-04-18 08:14:00'),
(1832, 8, 'OUT', 'LAN', NULL, NULL, NULL, '2026-04-18 17:10:00'),
(1839, 1, 'IN', 'LAN', NULL, NULL, NULL, '2026-04-20 07:59:00'),
(1840, 1, 'OUT', 'LAN', NULL, NULL, NULL, '2026-04-20 17:10:00'),
(1847, 5, 'IN', 'LAN', NULL, NULL, NULL, '2026-04-20 07:52:00'),
(1848, 5, 'OUT', 'LAN', NULL, NULL, NULL, '2026-04-20 17:08:00'),
(1849, 6, 'IN', 'LAN', NULL, NULL, NULL, '2026-04-20 07:57:00'),
(1850, 6, 'OUT', 'LAN', NULL, NULL, NULL, '2026-04-20 17:08:00'),
(1851, 7, 'IN', 'LAN', NULL, NULL, NULL, '2026-04-20 08:25:00'),
(1852, 7, 'OUT', 'LAN', NULL, NULL, NULL, '2026-04-20 17:07:00'),
(1853, 8, 'IN', 'LAN', NULL, NULL, NULL, '2026-04-20 08:16:00'),
(1854, 8, 'OUT', 'LAN', NULL, NULL, NULL, '2026-04-20 17:03:00'),
(1861, 1, 'IN', 'LAN', NULL, NULL, NULL, '2026-04-21 07:55:00'),
(1862, 1, 'OUT', 'LAN', NULL, NULL, NULL, '2026-04-21 17:01:00'),
(1867, 5, 'IN', 'LAN', NULL, NULL, NULL, '2026-04-21 07:54:00'),
(1868, 5, 'OUT', 'LAN', NULL, NULL, NULL, '2026-04-21 17:06:00'),
(1869, 6, 'IN', 'LAN', NULL, NULL, NULL, '2026-04-21 07:46:00'),
(1870, 6, 'OUT', 'LAN', NULL, NULL, NULL, '2026-04-21 17:01:00'),
(1871, 8, 'IN', 'LAN', NULL, NULL, NULL, '2026-04-21 08:06:00'),
(1872, 8, 'OUT', 'LAN', NULL, NULL, NULL, '2026-04-21 17:05:00'),
(1879, 1, 'IN', 'LAN', NULL, NULL, NULL, '2026-04-22 07:48:00'),
(1880, 1, 'OUT', 'LAN', NULL, NULL, NULL, '2026-04-22 18:04:00'),
(1887, 5, 'IN', 'LAN', NULL, NULL, NULL, '2026-04-22 07:49:00'),
(1888, 5, 'OUT', 'LAN', NULL, NULL, NULL, '2026-04-22 17:10:00'),
(1889, 6, 'IN', 'LAN', NULL, NULL, NULL, '2026-04-22 07:59:00'),
(1890, 6, 'OUT', 'LAN', NULL, NULL, NULL, '2026-04-22 17:04:00'),
(1891, 7, 'IN', 'LAN', NULL, NULL, NULL, '2026-04-22 08:52:00'),
(1892, 7, 'OUT', 'LAN', NULL, NULL, NULL, '2026-04-22 18:01:00'),
(1893, 8, 'IN', 'LAN', NULL, NULL, NULL, '2026-04-22 08:00:00'),
(1894, 8, 'OUT', 'LAN', NULL, NULL, NULL, '2026-04-22 17:05:00'),
(1901, 1, 'IN', 'LAN', NULL, NULL, NULL, '2026-04-23 07:54:00'),
(1902, 1, 'OUT', 'LAN', NULL, NULL, NULL, '2026-04-23 18:01:00'),
(1909, 5, 'IN', 'LAN', NULL, NULL, NULL, '2026-04-23 07:52:00'),
(1910, 5, 'OUT', 'LAN', NULL, NULL, NULL, '2026-04-23 17:05:00'),
(1911, 6, 'IN', 'LAN', NULL, NULL, NULL, '2026-04-23 07:51:00'),
(1912, 6, 'OUT', 'LAN', NULL, NULL, NULL, '2026-04-23 17:02:00'),
(1913, 7, 'IN', 'LAN', NULL, NULL, NULL, '2026-04-23 07:52:00'),
(1914, 7, 'OUT', 'LAN', NULL, NULL, NULL, '2026-04-23 17:04:00'),
(1915, 8, 'IN', 'LAN', NULL, NULL, NULL, '2026-04-23 07:45:00'),
(1916, 8, 'OUT', 'LAN', NULL, NULL, NULL, '2026-04-23 17:10:00'),
(1923, 1, 'IN', 'LAN', NULL, NULL, NULL, '2026-04-24 08:30:00'),
(1924, 1, 'OUT', 'LAN', NULL, NULL, NULL, '2026-04-24 17:06:00'),
(1931, 6, 'IN', 'LAN', NULL, NULL, NULL, '2026-04-24 08:47:00'),
(1932, 6, 'OUT', 'LAN', NULL, NULL, NULL, '2026-04-24 18:55:00'),
(1933, 7, 'IN', 'LAN', NULL, NULL, NULL, '2026-04-24 08:31:00'),
(1934, 7, 'OUT', 'LAN', NULL, NULL, NULL, '2026-04-24 17:00:00'),
(1941, 1, 'IN', 'LAN', NULL, NULL, NULL, '2026-04-25 07:53:00'),
(1942, 1, 'OUT', 'LAN', NULL, NULL, NULL, '2026-04-25 17:08:00'),
(1947, 5, 'IN', 'LAN', NULL, NULL, NULL, '2026-04-25 08:14:00'),
(1948, 5, 'OUT', 'LAN', NULL, NULL, NULL, '2026-04-25 17:03:00'),
(1949, 6, 'IN', 'LAN', NULL, NULL, NULL, '2026-04-25 07:47:00'),
(1950, 6, 'OUT', 'LAN', NULL, NULL, NULL, '2026-04-25 17:03:00'),
(1951, 7, 'IN', 'LAN', NULL, NULL, NULL, '2026-04-25 08:51:00'),
(1952, 7, 'OUT', 'LAN', NULL, NULL, NULL, '2026-04-25 17:06:00'),
(1953, 8, 'IN', 'LAN', NULL, NULL, NULL, '2026-04-25 07:47:00'),
(1954, 8, 'OUT', 'LAN', NULL, NULL, NULL, '2026-04-25 17:03:00'),
(1961, 1, 'IN', 'LAN', NULL, NULL, NULL, '2026-04-27 07:51:00'),
(1962, 1, 'OUT', 'LAN', NULL, NULL, NULL, '2026-04-27 17:10:00'),
(1969, 5, 'IN', 'LAN', NULL, NULL, NULL, '2026-04-27 07:55:00'),
(1970, 5, 'OUT', 'LAN', NULL, NULL, NULL, '2026-04-27 17:04:00'),
(1971, 6, 'IN', 'LAN', NULL, NULL, NULL, '2026-04-27 08:18:00'),
(1972, 6, 'OUT', 'LAN', NULL, NULL, NULL, '2026-04-27 17:06:00'),
(1973, 7, 'IN', 'LAN', NULL, NULL, NULL, '2026-04-27 07:56:00'),
(1974, 7, 'OUT', 'LAN', NULL, NULL, NULL, '2026-04-27 17:10:00'),
(1975, 8, 'IN', 'LAN', NULL, NULL, NULL, '2026-04-27 08:03:00'),
(1976, 8, 'OUT', 'LAN', NULL, NULL, NULL, '2026-04-27 17:05:00'),
(1983, 1, 'IN', 'LAN', NULL, NULL, NULL, '2026-04-28 07:46:00'),
(1984, 1, 'OUT', 'LAN', NULL, NULL, NULL, '2026-04-28 17:07:00'),
(1991, 5, 'IN', 'LAN', NULL, NULL, NULL, '2026-04-28 07:45:00'),
(1992, 5, 'OUT', 'LAN', NULL, NULL, NULL, '2026-04-28 17:02:00'),
(1993, 6, 'IN', 'LAN', NULL, NULL, NULL, '2026-04-28 07:58:00'),
(1994, 6, 'OUT', 'LAN', NULL, NULL, NULL, '2026-04-28 17:01:00'),
(1995, 7, 'IN', 'LAN', NULL, NULL, NULL, '2026-04-28 07:51:00'),
(1996, 7, 'OUT', 'LAN', NULL, NULL, NULL, '2026-04-28 17:02:00'),
(1997, 8, 'IN', 'LAN', NULL, NULL, NULL, '2026-04-28 07:59:00'),
(1998, 8, 'OUT', 'LAN', NULL, NULL, NULL, '2026-04-28 17:10:00'),
(2003, 1, 'IN', 'LAN', NULL, NULL, NULL, '2026-04-29 08:19:00'),
(2004, 1, 'OUT', 'LAN', NULL, NULL, NULL, '2026-04-29 17:05:00'),
(2011, 5, 'IN', 'LAN', NULL, NULL, NULL, '2026-04-29 07:47:00'),
(2012, 5, 'OUT', 'LAN', NULL, NULL, NULL, '2026-04-29 17:06:00'),
(2013, 6, 'IN', 'LAN', NULL, NULL, NULL, '2026-04-29 08:14:00'),
(2014, 6, 'OUT', 'LAN', NULL, NULL, NULL, '2026-04-29 18:00:00'),
(2015, 7, 'IN', 'LAN', NULL, NULL, NULL, '2026-04-29 08:30:00'),
(2016, 7, 'OUT', 'LAN', NULL, NULL, NULL, '2026-04-29 18:04:00'),
(2017, 8, 'IN', 'LAN', NULL, NULL, NULL, '2026-04-29 07:56:00'),
(2018, 8, 'OUT', 'LAN', NULL, NULL, NULL, '2026-04-29 17:00:00'),
(2025, 1, 'IN', 'LAN', NULL, NULL, NULL, '2026-04-30 07:49:00'),
(2026, 1, 'OUT', 'LAN', NULL, NULL, NULL, '2026-04-30 17:04:00'),
(2031, 5, 'IN', 'LAN', NULL, NULL, NULL, '2026-04-30 07:54:00'),
(2032, 5, 'OUT', 'LAN', NULL, NULL, NULL, '2026-04-30 17:10:00'),
(2033, 6, 'IN', 'LAN', NULL, NULL, NULL, '2026-04-30 07:54:00'),
(2034, 6, 'OUT', 'LAN', NULL, NULL, NULL, '2026-04-30 18:31:00'),
(2035, 8, 'IN', 'LAN', NULL, NULL, NULL, '2026-04-30 07:45:00'),
(2036, 8, 'OUT', 'LAN', NULL, NULL, NULL, '2026-04-30 17:09:00'),
(2045, 5, 'IN', 'LAN', NULL, NULL, NULL, '2026-05-01 07:48:00'),
(2046, 5, 'OUT', 'LAN', NULL, NULL, NULL, '2026-05-01 17:30:00'),
(2047, 6, 'IN', 'LAN', NULL, NULL, NULL, '2026-05-01 07:52:00'),
(2048, 6, 'OUT', 'LAN', NULL, NULL, NULL, '2026-05-01 17:09:00'),
(2049, 7, 'IN', 'LAN', NULL, NULL, NULL, '2026-05-01 07:57:00'),
(2050, 7, 'OUT', 'LAN', NULL, NULL, NULL, '2026-05-01 18:39:00'),
(2051, 8, 'IN', 'LAN', NULL, NULL, NULL, '2026-05-01 07:47:00'),
(2052, 8, 'OUT', 'LAN', NULL, NULL, NULL, '2026-05-01 17:04:00'),
(2065, 5, 'IN', 'LAN', NULL, NULL, NULL, '2026-05-02 07:48:00'),
(2066, 5, 'OUT', 'LAN', NULL, NULL, NULL, '2026-05-02 17:10:00'),
(2067, 6, 'IN', 'LAN', NULL, NULL, NULL, '2026-05-02 07:45:00'),
(2068, 6, 'OUT', 'LAN', NULL, NULL, NULL, '2026-05-02 17:06:00'),
(2069, 8, 'IN', 'LAN', NULL, NULL, NULL, '2026-05-02 07:48:00'),
(2070, 8, 'OUT', 'LAN', NULL, NULL, NULL, '2026-05-02 17:01:00'),
(2077, 1, 'IN', 'LAN', NULL, NULL, NULL, '2026-05-04 08:45:00'),
(2078, 1, 'OUT', 'LAN', NULL, NULL, NULL, '2026-05-04 17:01:00'),
(2085, 5, 'IN', 'LAN', NULL, NULL, NULL, '2026-05-04 07:56:00'),
(2086, 5, 'OUT', 'LAN', NULL, NULL, NULL, '2026-05-04 17:30:00'),
(2087, 6, 'IN', 'LAN', NULL, NULL, NULL, '2026-05-04 08:47:00'),
(2088, 6, 'OUT', 'LAN', NULL, NULL, NULL, '2026-05-04 17:10:00'),
(2089, 7, 'IN', 'LAN', NULL, NULL, NULL, '2026-05-04 07:53:00'),
(2090, 7, 'OUT', 'LAN', NULL, NULL, NULL, '2026-05-04 17:44:00'),
(2091, 8, 'IN', 'LAN', NULL, NULL, NULL, '2026-05-04 07:54:00'),
(2092, 8, 'OUT', 'LAN', NULL, NULL, NULL, '2026-05-04 17:09:00'),
(2099, 1, 'IN', 'LAN', NULL, NULL, NULL, '2026-05-05 07:48:00'),
(2100, 1, 'OUT', 'LAN', NULL, NULL, NULL, '2026-05-05 17:07:00'),
(2107, 5, 'IN', 'LAN', NULL, NULL, NULL, '2026-05-05 07:54:00'),
(2108, 5, 'OUT', 'LAN', NULL, NULL, NULL, '2026-05-05 17:00:00'),
(2109, 6, 'IN', 'LAN', NULL, NULL, NULL, '2026-05-05 07:58:00'),
(2110, 6, 'OUT', 'LAN', NULL, NULL, NULL, '2026-05-05 18:20:00'),
(2111, 7, 'IN', 'LAN', NULL, NULL, NULL, '2026-05-05 07:50:00'),
(2112, 7, 'OUT', 'LAN', NULL, NULL, NULL, '2026-05-05 17:06:00');

-- --------------------------------------------------------

--
-- Table structure for table `attendance_monthly_approval`
--

CREATE TABLE `attendance_monthly_approval` (
  `id` int(11) NOT NULL,
  `month_key` char(7) NOT NULL COMMENT 'YYYY-MM',
  `hr_sender_id` int(11) NOT NULL,
  `manager_approver_id` int(11) DEFAULT NULL,
  `status` enum('draft','submitted','approved','rejected') NOT NULL DEFAULT 'draft',
  `submitted_at` datetime DEFAULT NULL,
  `approved_at` datetime DEFAULT NULL,
  `note` varchar(255) DEFAULT NULL,
  `created_at` datetime NOT NULL DEFAULT current_timestamp(),
  `updated_at` datetime DEFAULT NULL ON UPDATE current_timestamp(),
  `department` varchar(120) NOT NULL DEFAULT ''
) ENGINE=InnoDB DEFAULT CHARSET=utf8mb4 COLLATE=utf8mb4_unicode_ci;

--
-- Dumping data for table `attendance_monthly_approval`
--

INSERT INTO `attendance_monthly_approval` (`id`, `month_key`, `hr_sender_id`, `manager_approver_id`, `status`, `submitted_at`, `approved_at`, `note`, `created_at`, `updated_at`, `department`) VALUES
(1, '2026-03', 2, 3, 'approved', '2026-04-01 22:24:46', '2026-04-01 23:20:26', '', '2026-03-27 16:30:54', '2026-04-01 23:20:26', ''),
(3, '2026-04', 2, NULL, 'submitted', '2026-04-01 23:36:08', NULL, NULL, '2026-04-01 22:27:36', '2026-04-01 23:36:08', '');

-- --------------------------------------------------------

--
-- Table structure for table `attendance_shifts`
--

CREATE TABLE `attendance_shifts` (
  `id` int(11) NOT NULL,
  `shift_name` varchar(100) NOT NULL,
  `start_time` time NOT NULL,
  `end_time` time NOT NULL,
  `is_active` tinyint(1) NOT NULL DEFAULT 1,
  `created_at` datetime NOT NULL DEFAULT current_timestamp()
) ENGINE=InnoDB DEFAULT CHARSET=utf8mb4 COLLATE=utf8mb4_unicode_ci;

--
-- Dumping data for table `attendance_shifts`
--

INSERT INTO `attendance_shifts` (`id`, `shift_name`, `start_time`, `end_time`, `is_active`, `created_at`) VALUES
(1, 'Ca hanh chinh', '08:00:00', '17:00:00', 1, '2026-03-21 12:56:34'),
(2, 'Ca toi', '14:00:00', '22:00:00', 1, '2026-03-21 12:56:34'),
(3, 'Ca chieu', '14:00:00', '22:00:00', 1, '2026-04-01 11:59:11');

-- --------------------------------------------------------

--
-- Table structure for table `attendance_wifi`
--

CREATE TABLE `attendance_wifi` (
  `id` int(11) NOT NULL,
  `wifi_name` varchar(120) NOT NULL,
  `is_active` tinyint(1) NOT NULL DEFAULT 1,
  `created_at` datetime NOT NULL DEFAULT current_timestamp(),
  `ip_range` varchar(50) DEFAULT NULL,
  `gateway` varchar(50) DEFAULT NULL,
  `description` varchar(255) DEFAULT NULL,
  `ssid` varchar(120) DEFAULT NULL,
  `password` varchar(120) DEFAULT NULL,
  `location` varchar(255) DEFAULT NULL
) ENGINE=InnoDB DEFAULT CHARSET=utf8mb4 COLLATE=utf8mb4_unicode_ci;

--
-- Dumping data for table `attendance_wifi`
--

INSERT INTO `attendance_wifi` (`id`, `wifi_name`, `is_active`, `created_at`, `ip_range`, `gateway`, `description`, `ssid`, `password`, `location`) VALUES
(4, 'Wifi Công ty', 1, '2026-03-23 17:58:32', '192.168.1', '192.168.1.1', 'Mạng nội bộ công ty - Dải IP 192.168.1.x', NULL, NULL, NULL),
(12, 'wifi-free', 0, '2026-05-05 10:14:38', '172.20.10', '172.20.10.1', '', '', '123456', 'tầng 1');

-- --------------------------------------------------------

--
-- Table structure for table `don_nghi_phep`
--

CREATE TABLE `don_nghi_phep` (
  `id` int(11) NOT NULL,
  `user_id` int(11) NOT NULL,
  `from_date` date NOT NULL,
  `to_date` date NOT NULL,
  `reason` text NOT NULL,
  `status` enum('pending','approved','rejected') NOT NULL DEFAULT 'pending',
  `created_at` datetime NOT NULL DEFAULT current_timestamp(),
  `leave_type` varchar(50) NOT NULL DEFAULT 'personal',
  `evidence_file` varchar(255) DEFAULT NULL,
  `approved_by` int(11) DEFAULT NULL,
  `approved_at` datetime DEFAULT NULL
) ENGINE=InnoDB DEFAULT CHARSET=utf8mb4 COLLATE=utf8mb4_general_ci;

--
-- Dumping data for table `don_nghi_phep`
--

INSERT INTO `don_nghi_phep` (`id`, `user_id`, `from_date`, `to_date`, `reason`, `status`, `created_at`, `leave_type`, `evidence_file`, `approved_by`, `approved_at`) VALUES
(1, 1, '2026-05-04', '2026-05-05', 'việc đột xuất', 'rejected', '2026-05-04 20:32:10', 'personal', NULL, NULL, NULL),
(2, 1, '2026-05-04', '2026-05-05', 'có việc gia đình', 'approved', '2026-05-04 20:52:39', 'emergency', NULL, 2, '2026-05-04 20:53:06'),
(3, 6, '2026-05-07', '2026-05-09', 'nghỉ phép', 'rejected', '2026-05-05 19:07:55', 'personal', NULL, 2, '2026-05-05 19:08:28'),
(4, 1, '2026-05-06', '2026-05-06', 'bệnh', 'pending', '2026-05-05 20:46:31', 'sick', NULL, NULL, NULL);

-- --------------------------------------------------------

--
-- Table structure for table `leave_requests`
--

CREATE TABLE `leave_requests` (
  `id` int(11) NOT NULL,
  `maND` int(11) NOT NULL,
  `leave_date` date NOT NULL,
  `leave_type` varchar(50) NOT NULL DEFAULT 'annual',
  `is_half_day` tinyint(1) NOT NULL DEFAULT 0,
  `reason` text DEFAULT NULL,
  `status` enum('pending','approved','rejected') NOT NULL DEFAULT 'pending',
  `manager_note` varchar(255) DEFAULT NULL,
  `manager_approver_id` int(11) DEFAULT NULL,
  `approved_at` datetime DEFAULT NULL,
  `created_at` datetime NOT NULL DEFAULT current_timestamp(),
  `updated_at` datetime DEFAULT NULL ON UPDATE current_timestamp(),
  `from_date` date NOT NULL DEFAULT '2000-01-01',
  `to_date` date NOT NULL DEFAULT '2000-01-01'
) ENGINE=InnoDB DEFAULT CHARSET=utf8mb4 COLLATE=utf8mb4_general_ci;

-- --------------------------------------------------------

--
-- Table structure for table `nguoidung`
--

CREATE TABLE `nguoidung` (
  `maND` int(11) NOT NULL,
  `maTK` int(11) NOT NULL,
  `hoTen` varchar(120) NOT NULL,
  `email` varchar(120) DEFAULT NULL,
  `soDienThoai` varchar(20) DEFAULT NULL,
  `chucVu` enum('Nhân viên','Bộ phận Nhân sự','Quản lý / Ban lãnh đạo','Bộ phận Kỹ thuật') NOT NULL DEFAULT 'Nhân viên',
  `phongBan` varchar(100) DEFAULT NULL,
  `trangThai` tinyint(1) NOT NULL DEFAULT 1,
  `created_at` datetime NOT NULL DEFAULT current_timestamp(),
  `updated_at` datetime DEFAULT NULL ON UPDATE current_timestamp()
) ENGINE=InnoDB DEFAULT CHARSET=utf8mb4 COLLATE=utf8mb4_unicode_ci;

--
-- Dumping data for table `nguoidung`
--

INSERT INTO `nguoidung` (`maND`, `maTK`, `hoTen`, `email`, `soDienThoai`, `chucVu`, `phongBan`, `trangThai`, `created_at`, `updated_at`) VALUES
(1, 1, 'Nguyen Van Nhan Vien', 'nhanvien01@company.local', '0901000001', 'Nhân viên', 'Sản xuất', 1, '2026-03-21 12:56:34', NULL),
(2, 2, 'Tran Thi HR', 'hr01@company.local', '0901000002', 'Bộ phận Nhân sự', 'Nhân sự', 1, '2026-03-21 12:56:34', NULL),
(3, 3, 'Le Van Quan Ly', 'manager01@company.local', '0901000003', 'Quản lý / Ban lãnh đạo', 'Điều hành', 1, '2026-03-21 12:56:34', NULL),
(4, 4, 'Pham Van Ky Thuat', 'tech01@company.local', '0901000004', 'Bộ phận Kỹ thuật', 'CNTT', 1, '2026-03-21 12:56:34', NULL),
(5, 5, 'Cẩm Vi', 'camvii93@gmail.com', '0932086236', 'Nhân viên', '', 1, '2026-03-22 18:20:56', NULL),
(6, 6, 'Nguyễn Văn A', 'nv02@company.local', '0902000001', 'Nhân viên', 'Sản xuất', 1, '2026-03-23 19:26:51', NULL),
(7, 7, 'Nguyễn Văn B', 'nv03@company.local', '0902000002', 'Nhân viên', 'Kho', 1, '2026-03-23 19:26:51', NULL),
(8, 8, 'Nguyễn Văn C', 'nv04@company.local', '0902000003', 'Nhân viên', 'IT', 1, '2026-03-23 19:26:51', NULL),
(9, 9, 'Trần Thị Hoa', 'hr02@company.local', '0902000004', 'Bộ phận Nhân sự', 'Nhân sự', 1, '2026-03-23 19:26:51', NULL),
(10, 10, 'Lê Văn Mạnh', 'manager02@company.local', '0902000005', 'Quản lý / Ban lãnh đạo', 'Điều hành', 1, '2026-03-23 19:26:51', NULL),
(11, 11, 'Phạm Văn D', 'tech02@company.local', '0902000006', 'Bộ phận Kỹ thuật', 'CNTT', 1, '2026-03-23 19:26:51', NULL);

-- --------------------------------------------------------

--
-- Table structure for table `ot_requests`
--

CREATE TABLE `ot_requests` (
  `id` int(11) NOT NULL,
  `maND` int(11) NOT NULL,
  `ot_date` date NOT NULL,
  `start_time` time DEFAULT NULL,
  `end_time` time DEFAULT NULL,
  `hours` decimal(5,2) NOT NULL DEFAULT 0.00,
  `reason` text DEFAULT NULL,
  `status` enum('pending','approved','rejected') NOT NULL DEFAULT 'pending',
  `manager_note` varchar(255) DEFAULT NULL,
  `manager_approver_id` int(11) DEFAULT NULL,
  `approved_at` datetime DEFAULT NULL,
  `created_at` datetime NOT NULL DEFAULT current_timestamp(),
  `updated_at` datetime DEFAULT NULL ON UPDATE current_timestamp()
) ENGINE=InnoDB DEFAULT CHARSET=utf8mb4 COLLATE=utf8mb4_general_ci;

-- --------------------------------------------------------

--
-- Table structure for table `shift_change_requests`
--

CREATE TABLE `shift_change_requests` (
  `id` int(11) NOT NULL,
  `maND` int(11) NOT NULL,
  `request_date` date NOT NULL,
  `current_shift_id` int(11) DEFAULT NULL,
  `requested_shift_id` int(11) DEFAULT NULL,
  `current_shift_name` varchar(100) DEFAULT NULL,
  `requested_shift_name` varchar(100) DEFAULT NULL,
  `reason` text DEFAULT NULL,
  `status` enum('pending','approved','rejected') NOT NULL DEFAULT 'pending',
  `manager_note` varchar(255) DEFAULT NULL,
  `manager_approver_id` int(11) DEFAULT NULL,
  `approved_at` datetime DEFAULT NULL,
  `created_at` datetime NOT NULL DEFAULT current_timestamp(),
  `updated_at` datetime DEFAULT NULL ON UPDATE current_timestamp()
) ENGINE=InnoDB DEFAULT CHARSET=utf8mb4 COLLATE=utf8mb4_general_ci;

-- --------------------------------------------------------

--
-- Table structure for table `system_settings`
--

CREATE TABLE `system_settings` (
  `id` int(11) NOT NULL,
  `setting_key` varchar(120) NOT NULL,
  `setting_value` text DEFAULT NULL,
  `description` varchar(255) DEFAULT NULL,
  `updated_by` int(11) DEFAULT NULL,
  `updated_at` datetime NOT NULL DEFAULT current_timestamp() ON UPDATE current_timestamp()
) ENGINE=InnoDB DEFAULT CHARSET=utf8mb4 COLLATE=utf8mb4_unicode_ci;

--
-- Dumping data for table `system_settings`
--

INSERT INTO `system_settings` (`id`, `setting_key`, `setting_value`, `description`, `updated_by`, `updated_at`) VALUES
(1, 'ALLOW_QR_CHECKIN', '0', 'Cho phep cham cong QR du phong', NULL, '2026-05-05 18:58:17'),
(2, 'MAX_CORRECTION_DAYS', '7', 'So ngay toi da cho phep gui yeu cau chinh sua', NULL, '2026-05-05 18:58:14'),
(3, 'DEFAULT_WORK_MINUTES', '480', 'So phut cong chuan moi ngay', NULL, '2026-03-21 12:56:34'),
(4, 'LATE_THRESHOLD_MINUTES', '15', NULL, NULL, '2026-05-05 18:57:47'),
(5, 'OVERTIME_THRESHOLD_MINUTES', '60', NULL, NULL, '2026-05-05 18:48:42'),
(6, 'ALLOW_OFFLINE_CHECKIN', '0', NULL, NULL, '2026-05-05 20:09:12');

-- --------------------------------------------------------

--
-- Table structure for table `taikhoan`
--

CREATE TABLE `taikhoan` (
  `maTK` int(11) NOT NULL,
  `tenDangNhap` varchar(50) NOT NULL,
  `matKhau` varchar(255) NOT NULL,
  `trangThai` enum('Hoạt động','Ngừng hoạt động') NOT NULL DEFAULT 'Hoạt động',
  `lanDangNhapCuoi` datetime DEFAULT NULL,
  `created_at` datetime NOT NULL DEFAULT current_timestamp(),
  `updated_at` datetime DEFAULT NULL ON UPDATE current_timestamp()
) ENGINE=InnoDB DEFAULT CHARSET=utf8mb4 COLLATE=utf8mb4_unicode_ci;

--
-- Dumping data for table `taikhoan`
--

INSERT INTO `taikhoan` (`maTK`, `tenDangNhap`, `matKhau`, `trangThai`, `lanDangNhapCuoi`, `created_at`, `updated_at`) VALUES
(1, 'nhanvien01', 'e10adc3949ba59abbe56e057f20f883e', 'Hoạt động', NULL, '2026-03-21 12:56:34', NULL),
(2, 'hr01', 'e10adc3949ba59abbe56e057f20f883e', 'Hoạt động', NULL, '2026-03-21 12:56:34', NULL),
(3, 'manager01', 'e10adc3949ba59abbe56e057f20f883e', 'Hoạt động', NULL, '2026-03-21 12:56:34', NULL),
(4, 'tech01', 'e10adc3949ba59abbe56e057f20f883e', 'Hoạt động', NULL, '2026-03-21 12:56:34', NULL),
(5, 'camvii9319', 'e10adc3949ba59abbe56e057f20f883e', 'Hoạt động', NULL, '2026-03-22 18:20:56', NULL),
(6, 'nhanvien02', 'e10adc3949ba59abbe56e057f20f883e', 'Hoạt động', NULL, '2026-03-23 19:26:11', NULL),
(7, 'nhanvien03', 'e10adc3949ba59abbe56e057f20f883e', 'Hoạt động', NULL, '2026-03-23 19:26:11', NULL),
(8, 'nhanvien04', 'e10adc3949ba59abbe56e057f20f883e', 'Hoạt động', NULL, '2026-03-23 19:26:11', NULL),
(9, 'hr02', 'e10adc3949ba59abbe56e057f20f883e', 'Hoạt động', NULL, '2026-03-23 19:26:11', NULL),
(10, 'manager02', 'e10adc3949ba59abbe56e057f20f883e', 'Hoạt động', NULL, '2026-03-23 19:26:11', NULL),
(11, 'tech02', 'e10adc3949ba59abbe56e057f20f883e', 'Hoạt động', NULL, '2026-03-23 19:26:11', NULL);

--
-- Indexes for dumped tables
--

--
-- Indexes for table `attendance_corrections`
--
ALTER TABLE `attendance_corrections`
  ADD PRIMARY KEY (`id`),
  ADD KEY `idx_correction_mand_status` (`maND`,`status`),
  ADD KEY `idx_correction_date` (`attendance_date`);

--
-- Indexes for table `attendance_daily_summary`
--
ALTER TABLE `attendance_daily_summary`
  ADD PRIMARY KEY (`id`),
  ADD UNIQUE KEY `uk_summary_user_date` (`maND`,`work_date`),
  ADD KEY `idx_summary_date` (`work_date`);

--
-- Indexes for table `attendance_employee_shift`
--
ALTER TABLE `attendance_employee_shift`
  ADD PRIMARY KEY (`id`),
  ADD KEY `idx_emp_shift_mand` (`maND`),
  ADD KEY `idx_emp_shift_shift` (`shift_id`);

--
-- Indexes for table `attendance_logs`
--
ALTER TABLE `attendance_logs`
  ADD PRIMARY KEY (`id`),
  ADD KEY `idx_logs_mand_created` (`maND`,`created_at`),
  ADD KEY `idx_logs_created` (`created_at`);

--
-- Indexes for table `attendance_monthly_approval`
--
ALTER TABLE `attendance_monthly_approval`
  ADD PRIMARY KEY (`id`),
  ADD UNIQUE KEY `uk_month_dept` (`month_key`,`department`),
  ADD KEY `idx_monthly_status` (`status`),
  ADD KEY `fk_monthly_hr_sender` (`hr_sender_id`),
  ADD KEY `fk_monthly_manager` (`manager_approver_id`);

--
-- Indexes for table `attendance_shifts`
--
ALTER TABLE `attendance_shifts`
  ADD PRIMARY KEY (`id`);

--
-- Indexes for table `attendance_wifi`
--
ALTER TABLE `attendance_wifi`
  ADD PRIMARY KEY (`id`),
  ADD UNIQUE KEY `uk_wifi_name` (`wifi_name`);

--
-- Indexes for table `don_nghi_phep`
--
ALTER TABLE `don_nghi_phep`
  ADD PRIMARY KEY (`id`);

--
-- Indexes for table `leave_requests`
--
ALTER TABLE `leave_requests`
  ADD PRIMARY KEY (`id`);

--
-- Indexes for table `nguoidung`
--
ALTER TABLE `nguoidung`
  ADD PRIMARY KEY (`maND`),
  ADD KEY `idx_nguoidung_matk` (`maTK`);

--
-- Indexes for table `ot_requests`
--
ALTER TABLE `ot_requests`
  ADD PRIMARY KEY (`id`);

--
-- Indexes for table `shift_change_requests`
--
ALTER TABLE `shift_change_requests`
  ADD PRIMARY KEY (`id`);

--
-- Indexes for table `system_settings`
--
ALTER TABLE `system_settings`
  ADD PRIMARY KEY (`id`),
  ADD UNIQUE KEY `uk_setting_key` (`setting_key`),
  ADD KEY `fk_settings_user` (`updated_by`);

--
-- Indexes for table `taikhoan`
--
ALTER TABLE `taikhoan`
  ADD PRIMARY KEY (`maTK`),
  ADD UNIQUE KEY `uk_taikhoan_tendangnhap` (`tenDangNhap`);

--
-- AUTO_INCREMENT for dumped tables
--

--
-- AUTO_INCREMENT for table `attendance_corrections`
--
ALTER TABLE `attendance_corrections`
  MODIFY `id` int(11) NOT NULL AUTO_INCREMENT, AUTO_INCREMENT=12;

--
-- AUTO_INCREMENT for table `attendance_daily_summary`
--
ALTER TABLE `attendance_daily_summary`
  MODIFY `id` int(11) NOT NULL AUTO_INCREMENT, AUTO_INCREMENT=1178;

--
-- AUTO_INCREMENT for table `attendance_employee_shift`
--
ALTER TABLE `attendance_employee_shift`
  MODIFY `id` int(11) NOT NULL AUTO_INCREMENT, AUTO_INCREMENT=37;

--
-- AUTO_INCREMENT for table `attendance_logs`
--
ALTER TABLE `attendance_logs`
  MODIFY `id` int(11) NOT NULL AUTO_INCREMENT, AUTO_INCREMENT=2119;

--
-- AUTO_INCREMENT for table `attendance_monthly_approval`
--
ALTER TABLE `attendance_monthly_approval`
  MODIFY `id` int(11) NOT NULL AUTO_INCREMENT, AUTO_INCREMENT=4;

--
-- AUTO_INCREMENT for table `attendance_shifts`
--
ALTER TABLE `attendance_shifts`
  MODIFY `id` int(11) NOT NULL AUTO_INCREMENT, AUTO_INCREMENT=4;

--
-- AUTO_INCREMENT for table `attendance_wifi`
--
ALTER TABLE `attendance_wifi`
  MODIFY `id` int(11) NOT NULL AUTO_INCREMENT, AUTO_INCREMENT=13;

--
-- AUTO_INCREMENT for table `don_nghi_phep`
--
ALTER TABLE `don_nghi_phep`
  MODIFY `id` int(11) NOT NULL AUTO_INCREMENT, AUTO_INCREMENT=5;

--
-- AUTO_INCREMENT for table `leave_requests`
--
ALTER TABLE `leave_requests`
  MODIFY `id` int(11) NOT NULL AUTO_INCREMENT;

--
-- AUTO_INCREMENT for table `nguoidung`
--
ALTER TABLE `nguoidung`
  MODIFY `maND` int(11) NOT NULL AUTO_INCREMENT, AUTO_INCREMENT=12;

--
-- AUTO_INCREMENT for table `ot_requests`
--
ALTER TABLE `ot_requests`
  MODIFY `id` int(11) NOT NULL AUTO_INCREMENT;

--
-- AUTO_INCREMENT for table `shift_change_requests`
--
ALTER TABLE `shift_change_requests`
  MODIFY `id` int(11) NOT NULL AUTO_INCREMENT;

--
-- AUTO_INCREMENT for table `system_settings`
--
ALTER TABLE `system_settings`
  MODIFY `id` int(11) NOT NULL AUTO_INCREMENT, AUTO_INCREMENT=7;

--
-- AUTO_INCREMENT for table `taikhoan`
--
ALTER TABLE `taikhoan`
  MODIFY `maTK` int(11) NOT NULL AUTO_INCREMENT, AUTO_INCREMENT=12;

--
-- Constraints for dumped tables
--

--
-- Constraints for table `attendance_corrections`
--
ALTER TABLE `attendance_corrections`
  ADD CONSTRAINT `fk_correction_user` FOREIGN KEY (`maND`) REFERENCES `nguoidung` (`maND`) ON DELETE CASCADE ON UPDATE CASCADE;

--
-- Constraints for table `attendance_daily_summary`
--
ALTER TABLE `attendance_daily_summary`
  ADD CONSTRAINT `fk_summary_user` FOREIGN KEY (`maND`) REFERENCES `nguoidung` (`maND`) ON DELETE CASCADE ON UPDATE CASCADE;

--
-- Constraints for table `attendance_employee_shift`
--
ALTER TABLE `attendance_employee_shift`
  ADD CONSTRAINT `fk_emp_shift_shift` FOREIGN KEY (`shift_id`) REFERENCES `attendance_shifts` (`id`) ON UPDATE CASCADE,
  ADD CONSTRAINT `fk_emp_shift_user` FOREIGN KEY (`maND`) REFERENCES `nguoidung` (`maND`) ON DELETE CASCADE ON UPDATE CASCADE;

--
-- Constraints for table `attendance_logs`
--
ALTER TABLE `attendance_logs`
  ADD CONSTRAINT `fk_logs_user` FOREIGN KEY (`maND`) REFERENCES `nguoidung` (`maND`) ON DELETE CASCADE ON UPDATE CASCADE;

--
-- Constraints for table `attendance_monthly_approval`
--
ALTER TABLE `attendance_monthly_approval`
  ADD CONSTRAINT `fk_monthly_hr_sender` FOREIGN KEY (`hr_sender_id`) REFERENCES `nguoidung` (`maND`) ON UPDATE CASCADE,
  ADD CONSTRAINT `fk_monthly_manager` FOREIGN KEY (`manager_approver_id`) REFERENCES `nguoidung` (`maND`) ON DELETE SET NULL ON UPDATE CASCADE;

--
-- Constraints for table `nguoidung`
--
ALTER TABLE `nguoidung`
  ADD CONSTRAINT `fk_nguoidung_taikhoan` FOREIGN KEY (`maTK`) REFERENCES `taikhoan` (`maTK`) ON DELETE CASCADE ON UPDATE CASCADE;

--
-- Constraints for table `system_settings`
--
ALTER TABLE `system_settings`
  ADD CONSTRAINT `fk_settings_user` FOREIGN KEY (`updated_by`) REFERENCES `nguoidung` (`maND`) ON DELETE SET NULL ON UPDATE CASCADE;
COMMIT;

/*!40101 SET CHARACTER_SET_CLIENT=@OLD_CHARACTER_SET_CLIENT */;
/*!40101 SET CHARACTER_SET_RESULTS=@OLD_CHARACTER_SET_RESULTS */;
/*!40101 SET COLLATION_CONNECTION=@OLD_COLLATION_CONNECTION */;
